PC1,PC2,PC3,PC4,PC5,Label
-100.72984001775605,61.33638015481736,-14.23721462700454,-11.711911827944583,-4.555926257145595,G_K
-103.86987509896137,56.03770846868593,-14.605413288225295,-7.466174222340581,-4.247156581199415,G_K
-106.22417056946325,52.06245833904165,-14.841881100926638,-4.482935196475385,-3.998769670915548,G_K
-108.0680497867049,48.94608259787806,-15.004463885230209,-2.3499961106482368,-3.7993536786497417,G_K
-86.50036957482384,88.773067831287,-5.966613563930276,76.10810447438975,2.5532587461405476,G_K
-89.74579314256918,83.21891861086227,-6.481214654034516,78.79830995970244,2.7179356071221266,G_K
-92.05332205858733,79.27417787241977,-6.805134554995274,80.67791580683972,2.853385819979566,G_K
-93.97258287274124,75.9888087172889,-7.056096108866932,82.05720107032027,2.966625012791004,G_K
-95.59550695786523,73.20805831747356,-7.247892033332117,83.13599333249707,3.0705653542766074,G_K
-97.05526665237215,70.70065696181126,-7.41743555338873,83.89445320470087,3.153997397561126,G_K
-98.35627627456248,68.45489425700045,-7.572518445547297,84.21067561500793,3.2076030573145418,G_K
-117.43704906229762,32.476954638998286,-17.220872040664144,-12.869749680187631,-4.607276565545826,G_K
-118.5568321832972,30.530931524370892,-17.36987363044529,-13.077797874249285,-4.594427561927897,G_K
-119.52737671441591,28.813481564198803,-17.573124490848677,-14.485242254259344,-4.669205269959831,G_K
-122.59459064274354,23.62921683113984,-16.838854515650937,-6.432468367345479,-3.6465701349301316,G_K
-123.25979933925511,22.508817245805112,-16.68101278449522,-4.78490492276243,-3.446807848389182,G_K
-124.00320926377123,21.22986463571158,-16.59942503462738,-3.9613090290356205,-3.323497092592505,G_K
-124.74251113885826,19.945248393082696,-16.532149661715316,-3.5260026631413166,-3.2181347317876523,G_K
-125.50707682229108,18.609432877198063,-16.479196686310775,-3.320768367140891,-3.1399772560061496,G_K
-126.23314379665923,17.336140063203867,-16.41391262311772,-3.2126293064961433,-3.0595909137579556,G_K
-126.96951195268589,16.042467313576793,-16.346967739498446,-3.160235262205042,-2.983145821485191,G_K
-127.66772596758105,14.810970979762722,-16.267844341900545,-3.2024255534800385,-2.9082267261664008,G_K
-128.3456477134034,13.617223703310321,-16.171713347698024,-3.134265558405191,-2.820916095792601,G_K
-128.9855271746753,12.485528146880204,-16.062795493931358,-3.1609761189588723,-2.7310295384884906,G_K
-129.61541149761402,11.37191254022626,-15.93973871275398,-3.132728108206244,-2.6355028867752255,G_K
-130.2398302801089,10.265231118671762,-15.812567799188157,-3.1710270161431375,-2.5483417722882646,G_K
-130.85430761267386,9.17663164333517,-15.671139154402992,-3.154381866698091,-2.4554573108938276,G_K
-131.4261930911994,8.161502895160092,-15.50795514844311,-3.1106986978789206,-2.351729741890532,G_K
-131.96003622989167,7.208644350877191,-15.33285841052048,-3.161593363698352,-2.2495499346913346,G_K
-132.5165367048357,6.2187521023882715,-15.153771606975624,-3.1298315890333606,-2.142138524788174,G_K
-133.04077951723332,5.282651016337968,-14.956602664532292,-3.1267780311571323,-2.0247630408459534,G_K
-133.56547582384067,4.345665108540651,-14.75571570131494,-3.121341737401163,-1.9121049556483867,G_K
-134.06417998672086,3.4539634208796612,-14.53477723564106,-3.0744138586028726,-1.7941632224084076,G_K
-134.54079461108222,2.596988446030938,-14.30122150472159,-3.111016330326642,-1.6789979740178085,G_K
-135.0075096224812,1.758060859743663,-14.052949865971822,-3.0927108001900803,-1.5576030280772148,G_K
-135.48126982274397,0.9084397652560051,-13.791389549951564,-3.002775911416645,-1.4365503266553,G_K
-135.9158184417136,0.12322001811765826,-13.52275451999973,-3.012885505271157,-1.3105942839972955,G_K
-136.3676058186482,-0.6920256275040657,-13.246424973087652,-3.0068025122775506,-1.1889024042156677,G_K
-136.77115462330755,-1.4256063001970036,-12.952780770673373,-3.0396973996521663,-1.067416190393364,G_K
-137.22370764376805,-2.2438965615837843,-12.654982555687521,-3.0348600897711226,-0.9409020855147392,G_K
-137.6334969065569,-2.9876781946154605,-12.34195496546131,-3.0024578924598853,-0.8070986285257157,G_K
-138.0378301058982,-3.724156265257679,-12.027256246574314,-3.03651561290916,-0.6814164811958251,G_K
-138.4321388215777,-4.442047850349129,-11.701845739958493,-3.015391107756401,-0.5516859808415143,G_K
-138.79397149111324,-5.105122321280064,-11.364101304235561,-3.0223058721834195,-0.41739127140560905,G_K
-139.18852212140007,-5.8238827687937365,-11.031997226709498,-3.001492056604878,-0.28690285901823254,G_K
-139.55067397938964,-6.487278977450574,-10.6942063079644,-3.005667672853947,-0.16044925204629404,G_K
-139.91244191204385,-7.150150032302731,-10.357225232510828,-3.0123166279514795,-0.02960195229085173,G_K
-140.24796999900803,-7.765671364241295,-10.017697610788359,-2.9739848075454582,0.09854976695018511,G_K
-140.58324298332226,-8.38048382833536,-9.683008186282127,-2.9353132028221918,0.22523125419948337,G_K
-140.9281963196738,-9.012581805169464,-9.367835420865937,-2.951113559863452,0.342520329928225,G_K
-141.26238466356804,-9.62330838217726,-9.061736962057424,-2.9105553312459422,0.4587719650944513,G_K
-141.56316945877396,-10.175775099913551,-8.767434559485533,-2.8965379933672577,0.5728193683570304,G_K
-141.89564531137108,-10.780413250464935,-8.504232664040405,-2.8532632505795514,0.6759248541809016,G_K
-142.18882403500984,-11.317943931114307,-8.262386766003724,-2.90238702502211,0.7669171916576211,G_K
-142.47625876465958,-11.839728191903511,-8.04293581414457,-2.8279466344162656,0.8612503336767573,G_K
-142.76705997882658,-12.368439872238106,-7.863050216011379,-2.8732302011567565,0.9345277920660607,G_K
-143.04657360510552,-12.874266418592288,-7.703586721738273,-2.8615332620211813,1.0047003224923472,G_K
-143.31507503631232,-13.357389477421632,-7.561639613843993,-2.7930077136616136,1.0733958311962508,G_K
-143.6092204459615,-13.885961013614248,-7.436262606754308,-2.7685186236095185,1.1386033063425423,G_K
-143.8879452907543,-14.38859927161414,-7.2983719977704125,-2.755448071794975,1.2028455127134616,G_K
-144.15224182662152,-14.869175573933076,-7.121558151222183,-2.7554100040467944,1.2720292594491172,G_K
-144.4085488271268,-15.339860384213754,-6.8648616540677345,-2.70780721179618,1.3711318098815535,G_K
-144.6955626146969,-15.872319745912291,-6.515488491564177,-2.7074763167194376,1.4898679633342227,G_K
-144.9452751449305,-16.34990822927134,-6.011461762580992,-2.6880694328683,1.6541082956920332,G_K
-145.22810391933763,-16.897010363292836,-5.362578479438842,-2.7165710658900353,1.8473445656194412,G_K
-145.48106815379768,-17.40383179680272,-4.509789648974981,-2.6626518804788057,2.107088779457934,G_K
-145.74490023207719,-17.94462680462566,-3.5053338202081967,-2.740145150258005,2.3975662678942418,G_K
-145.9948983617985,-18.47056005925282,-2.3226872062353077,-2.7171519384578904,2.74249158919397,G_K
-146.26926995290793,-19.04910878299047,-1.0518810354988446,-2.811072955832458,3.1062420846161474,G_K
-146.543913858726,-19.633788716066107,0.3502475018907463,-2.7909566870990443,3.5160848395162883,G_K
-146.81556403361776,-20.21999744419447,1.8158506771421823,-2.8411903776766234,3.9354791889406036,G_K
-147.08951823011563,-20.814486299209417,3.3404478781792712,-2.8949518697900167,4.370081265748951,G_K
-147.36515380970494,-21.41494525040404,4.906498411820223,-2.9512680320520563,4.814608454836309,G_K
-147.6416888132009,-22.018636106805182,6.496263102047837,-3.0088480842027407,5.263484806443539,G_K
-147.9026916299332,-22.595997784598193,8.094440747720933,-3.0776310484124485,5.7084919225203725,G_K
-148.14854007784905,-23.15138494291767,9.741655897045964,-3.1658907778391465,6.170137407255444,G_K
-148.4161379451327,-23.7401275042063,11.368510935978579,-3.1696586393294055,6.626088552694261,G_K
-148.67135362296278,-24.311585992517582,12.987719967780173,-3.311764116061558,7.073945787549972,G_K
-148.93676163257834,-24.8913335344043,14.54773422770101,-3.3089104209585707,7.505582164499745,G_K
-149.1694537397836,-25.41651758215609,16.125191863805792,-3.336748886572428,7.9457060555419226,G_K
-149.42687827472648,-25.98088825276004,17.632139528478962,-3.3995330447985466,8.358505551394579,G_K
-150.40150433650965,-26.905952710399482,12.446330476891378,11.561422543515173,-4.011719335836515,G_Na
-150.49097071999336,-27.097261587584164,12.6480244791682,10.91309004351324,-4.055129377888665,G_Na
-150.59118095338593,-27.300355657164484,12.816632461991142,10.40534855979225,-4.099554104885797,G_Na
-150.6560775518601,-27.441471443606375,13.029117690429802,9.993090203300856,-4.125078294489535,G_Na
-150.70422844221108,-27.553750855814727,13.23919162465901,9.566738714728762,-4.147513181122703,G_Na
-150.77391278142085,-27.699206375464325,13.425564409207016,9.224756687531723,-4.172809167186855,G_Na
-150.81215911565107,-27.793172165710875,13.647677012320615,8.853175018298971,-4.185680751074537,G_Na
-150.89217193960368,-27.95840096572077,13.831360498146136,8.455479420313404,-4.212668802413747,G_Na
-150.96279511621725,-28.10706255860853,14.040027860951959,8.111925818033468,-4.2289277415832345,G_Na
-150.99016363952109,-28.17956708309846,14.251452993877763,7.796480905806236,-4.238080427330268,G_Na
-151.0608712266313,-28.32863160864664,14.462607454125653,7.45269346160678,-4.252539548965827,G_Na
-151.08897176053966,-28.403491016546855,14.690563647807128,7.136054558553633,-4.254444463356229,G_Na
-151.13340910012496,-28.505960912563328,14.911475067973303,6.8339154286922,-4.259568327286449,G_Na
-151.16733237971746,-28.587245706614343,15.121814323649772,6.590636747448369,-4.26804783593494,G_Na
-151.18519860773486,-28.64284018544699,15.355014263702712,6.329278776445088,-4.263726521030161,G_Na
-151.2356303077828,-28.753563539991507,15.578452066314142,6.095825680550023,-4.263147850606485,G_Na
-151.25371851581596,-28.8099328020979,15.81713249027574,5.8341155296788765,-4.257073194413403,G_Na
-151.27778560078679,-28.87311243235046,16.041074152238128,5.645554302891203,-4.256179822237927,G_Na
-151.28528510394221,-28.908838773069796,16.275437900943796,5.439702380993382,-4.246207627375146,G_Na
-151.33594904266587,-29.02044159799054,16.50452094930363,5.20573816119277,-4.241811885387903,G_Na
-151.34314955515148,-29.054981911300814,16.72879140438083,5.00003286682654,-4.228795838864421,G_Na
-151.3774997357725,-29.137886737970224,16.949687056464757,4.755822093364922,-4.230324972936155,G_Na
-151.41686928556584,-29.22626899689597,17.15597414296761,4.578716874250315,-4.225023521970267,G_Na
-151.4248419454054,-29.263647283749215,17.40176117022941,4.372048427405679,-4.210240281056894,G_Na
-151.4486666593971,-29.325860237405596,17.618053770167652,4.183604415849421,-4.206245263843235,G_Na
-151.44614026626948,-29.34285148302122,17.86147592509219,4.032694972583158,-4.187295641421211,G_Na
-151.48566751714418,-29.43196184497903,18.07286646997854,3.855341304734753,-4.1816264109292325,G_Na
-151.47754608199793,-29.441266182346023,18.314731988140124,3.63804843160162,-4.169907113745038,G_Na
-151.50675573950127,-29.51046037037202,18.52740772834751,3.516261306707876,-4.159462850917596,G_Na
-151.54680488582915,-29.601206533444014,18.750078761740905,3.337981888492164,-4.1471688849363915,G_Na
-151.53814843948723,-29.608433988853417,18.976949882197168,3.1214026473801035,-4.136396869137217,G_Na
-151.54112347638068,-29.631221247654484,19.20088840645935,3.0412576558977613,-4.117449071799932,G_Na
-151.5484286240566,-29.666243882237392,19.42941844599385,2.835428730336655,-4.104103772957611,G_Na
-151.5613204252316,-29.706580267317197,19.632384371064816,2.7032699850232644,-4.096738345056121,G_Na
-151.56874541293536,-29.742019746161663,19.863562532870468,2.4971760082314454,-4.08123877128469,G_Na
-151.5978834200579,-29.81089229709731,20.07330174966694,2.3752807493983616,-4.067319683190557,G_Na
-151.56897438691368,-29.78021618764601,20.316468716673075,2.2693021849594137,-4.048036963720872,G_Na
-151.59778061392157,-29.847876416170028,20.517413714422762,2.1478418605481164,-4.034916641462394,G_Na
-151.59442354896163,-29.86179134018537,20.73829930753088,1.9979547809857634,-4.0166967138694885,G_Na
-151.60765086048528,-29.903271409304818,20.949671406993225,1.8653723955631603,-4.008356483826692,G_Na
-151.63649764064525,-29.971088716283816,21.151784015741246,1.7438609925389132,-3.9952050446514997,G_Na
-151.6073108176722,-29.93922134488664,21.386231128034865,1.6381974160066175,-3.974919266038601,G_Na
-151.6358792169392,-30.006079998414997,21.581454139138167,1.517099761445404,-3.9635845353760035,G_Na
-151.63227150843673,-30.01905352950931,21.793932092689186,1.3672889750265846,-3.9424615297308794,G_Na
-151.63493598301073,-30.039889101017053,22.000914209793503,1.2905025950341984,-3.929251994264205,G_Na
-151.62124694229306,-30.03409962384512,22.224510228672745,1.1961840389769665,-3.907228494330587,G_Na
-151.64985415259218,-30.10105831849562,22.42043704395573,1.075015320308663,-3.89523519804383,G_Na
-151.63028201981518,-30.086622700186084,22.63546750128966,0.9147117035049825,-3.8820195279294696,G_Na
-151.6487284793667,-30.13420201301893,22.836631102725033,0.8488866648044747,-3.8643239001244836,G_Na
-151.62886000497141,-30.118585707523405,23.04335262155988,0.6890268807562717,-3.852246588352393,G_Na
-151.6477603598934,-30.168038981214792,23.257752206306325,0.6225437229778793,-3.8334804388468,G_Na
-151.6762033766393,-30.23425934195878,23.448251183088118,0.5015160647730635,-3.819918906011862,G_Na
-151.64629114400427,-30.199901857993556,23.66475649605227,0.39688853158690096,-3.8036517376828636,G_Na
-151.6643703587538,-30.246294169922006,23.85705648816345,0.33149212145434526,-3.786731038872408,G_Na
-151.63432554157762,-30.21132659566961,24.069010706278675,0.22696263598734143,-3.7688786239184404,G_Na
-151.66338393879752,-30.279986745106868,24.277076180438332,0.10513282674262601,-3.7548611232606466,G_Na
-151.63318028073968,-30.24452884153884,24.48559032477194,0.0008587480833982002,-3.738609418500467,G_Na
-151.65112701703003,-30.29052427928122,24.67543209288831,-0.06420939471303128,-3.725034915356344,G_Na
-151.6368200411605,-30.28251244218434,24.883114005607094,-0.1576430729211924,-3.705937525549227,G_Na
-151.63922534726368,-30.302194509297827,25.081456322044552,-0.23422735677874523,-3.690008481900929,G_Na
-151.63480088608975,-30.312285896701603,25.274677851244228,-0.3826953782493191,-3.6750472864047343,G_Na
-151.63713256886578,-30.331901766712434,25.47290041750001,-0.4590262808252001,-3.662928939023154,G_Na
-151.62298841466486,-30.324407081398512,25.684088649273868,-0.552769789469079,-3.641433499224741,G_Na
-151.6410608014735,-30.370875404739678,25.877063211598973,-0.6180870734024188,-3.6262383893959105,G_Na
-151.64298994700084,-30.38891782283682,26.063792153606027,-0.6939508154180802,-3.613536516531824,G_Na
-151.62825572626417,-30.379175490733626,26.25730077191208,-0.7870705262005805,-3.591494608878849,G_Na
-151.6304717263585,-30.398328290962137,26.45195200914456,-0.863336697173918,-3.577967882846751,G_Na
-151.6260168397709,-30.40833366261116,26.644512118209946,-1.011760847187245,-3.5633143743084994,G_Na
-151.61731607352843,-30.405455206413123,26.8252713653237,-1.0316337790500598,-3.5474548318102688,G_Na
-151.60225987824253,-30.39460361217374,27.012158880284417,-1.1241650107069145,-3.528353619686365,G_Na
-151.6194774821763,-30.437744118946007,27.181158262798014,-1.1883581127792362,-3.5142481720505807,G_Na
-151.58897167866485,-30.401334246226906,27.38286241456697,-1.2921637727421658,-3.500743912958883,G_Na
-151.5906735768134,-30.41946378165189,27.573009498055782,-1.3706691637463178,-3.4843124827613363,G_Na
-151.57442352594632,-30.40320413478474,27.71769886616723,-1.4587703511322916,-3.4705388107682413,G_Na
-151.56638341825132,-30.403929322736722,27.92798182704595,-1.4821901386218264,-3.4545210235825112,G_Na
-151.5345011103018,-30.362304667377845,28.091878060207684,-1.5842264962188461,-3.442833806614407,G_Na
-151.55127404612006,-30.4038884285303,28.249383259361586,-1.6478810489015556,-3.4294422161107967,G_Na
-151.51831587731328,-30.358174731899783,28.383330236312602,-1.748648953551768,-3.4171673785901002,G_Na
-151.5341065867199,-30.396122246022788,28.514290898569758,-1.8110857842884376,-3.404750610833283,G_Na
-151.51697949454038,-30.377653836409838,28.64573102455583,-1.900955638424482,-3.389607062933463,G_Na
-151.50918105778376,-30.378486901791288,28.854503298758797,-1.9215252494625037,-3.3819220132082113,G_Na
811.7888616701023,-149.7312151001672,-9.7297165941628,4.524764906913043,-0.3787131106345994,G_Ca
794.5240739017373,-139.91818267020736,-9.047137367396802,4.209575687814407,-0.34592252091182796,G_Ca
774.911427064814,-128.8962247218336,-8.289438924988692,3.83168587656316,-0.3124978583382217,G_Ca
752.465235486222,-116.11600105751103,-7.3989640747600935,3.413221021490552,-0.2687710502209662,G_Ca
727.1940260184724,-101.79196125035229,-6.404836053838642,2.967049697386601,-0.22246805138247064,G_Ca
698.6316289806988,-85.50923886861987,-5.2690065834565845,2.4267101577509425,-0.16587211871867197,G_Ca
666.3638483696523,-67.18769036742577,-3.9011577327858626,1.84186967154524,-0.13407170870273885,G_Ca
630.3708659825063,-46.68597967455966,-2.4702791219143023,1.1656751114056925,-0.06322503536644479,G_Ca
590.6233558424847,-24.108272621442172,-0.8960832002356026,0.44446935506676916,-0.011159887371905429,G_Ca
547.3534477440987,0.48576222096148297,0.8310011236338803,-0.3440892102058688,-0.0018764068892291484,G_Ca
500.13926222709523,27.33224539764492,2.78637100213026,-1.2054739959344745,-0.09211787072109741,G_Ca
450.0790645864447,55.82560872942695,4.786821954041706,-2.2036640844019537,-0.03183942579917821,G_Ca
397.1006596948793,85.87371704913971,6.79078359497249,-3.15886881503963,0.2649528161108452,G_Ca
342.5454246431342,116.83116635473499,8.913429526823322,-4.212486414784313,0.47262803029716555,G_Ca
285.4994594440085,149.0377273059924,11.126693637410117,-5.310520630135801,0.6372541718226082,G_Ca
217.31128418709733,187.19867235412661,13.72334058857216,-6.796867235333229,0.7456948770180073,G_Ca
670.5853871544385,-69.60524878048534,-4.070573261609077,1.9259673968026976,-0.14266935707024062,G_Ca
652.834522653762,-59.47617948142626,-3.3618026584655243,1.5843017883343733,-0.10232498597250327,G_Ca
634.1578668902533,-48.85468211329583,-2.622248432618731,1.2411137344196537,-0.07098197750385993,G_Ca
614.9536492378509,-37.931089579385926,-1.8610484436247008,0.8877715073335224,-0.044418727256573975,G_Ca
594.8884323832212,-26.514532587151244,-1.0639366008541702,0.5177580577247326,-0.024066782579857744,G_Ca
574.1681272551576,-14.759184402589595,-0.24151927590263503,0.1470146456769927,-0.009472824108416628,G_Ca
552.5972037593996,-2.480920332719371,0.6241157983195068,-0.2511865779180796,-0.017494822368025884,G_Ca
530.4481035349511,10.166566670566912,1.5080585290586719,-0.6806852803233013,0.03563262953783208,G_Ca
507.3484968959509,23.282391410523346,2.4523517262451824,-1.0945841930817044,-0.022642571090250824,G_Ca
483.88291621445705,36.60415075120832,3.445295337340789,-1.5161449090722525,-0.07883692470179911,G_Ca
459.7200507131446,50.329816075746024,4.41000731713561,-1.9554329718357204,-0.056248258692481665,G_Ca
435.36653686982623,64.14488220176555,5.304086969789106,-2.4613153837473924,0.09645174781657907,G_Ca
410.7960629177043,78.10267845162208,6.289751494354252,-2.910234409087914,0.14988159996128392,G_Ca
385.4444856329659,92.51171444270052,7.254410457642439,-3.378908897033754,0.290175856700369,G_Ca
359.8898547076957,106.9360895272287,8.22296929445471,-3.8794733795734238,0.43526657871964464,G_Ca
334.2921271783095,121.48270951150688,9.230153869014456,-4.349195737311852,0.5127989849992757,G_Ca
308.38088702247165,136.14666951803918,10.242234730586754,-4.868646073603202,0.5813653972297601,G_Ca
281.80507232021125,151.09118139481893,11.264533686344292,-5.427861103633444,0.6434618432760931,G_Ca
253.32416587220996,167.05090949054573,12.357598327096902,-5.995260212126748,0.7017467775463998,G_Ca
220.473846652389,185.44974918433354,13.606954224232183,-6.69024761378311,0.7410607891336141,G_Ca
160.01373159576977,218.56173955166068,15.793534262125922,-8.045447352588342,0.7407851803396125,G_Ca
-132.92448390298813,5.065024072359652,-8.917181477226379,-2.4537603031302053,0.06823869111032017,G_Ca
-133.32732545729556,4.489393909458061,-10.789169698007706,-2.415366223571066,-0.40110648799883614,G_Ca
-133.86042324176788,3.603912768828468,-11.563017779245028,-2.5053682745549777,-0.5651810735455088,G_Ca
-134.31091549072812,2.8278425475371107,-11.847893804725178,-2.5738198389961515,-0.6003097367662865,G_Ca
-134.82149495138165,1.9269274366654674,-11.84443476621272,-2.624718076239626,-0.5494831124761491,G_Ca
-135.27820813998912,1.1100590684188958,-11.699377848940602,-2.6663719907932286,-0.46481529181832265,G_Ca
-135.77587206699727,0.21331241949301621,-11.474922906512402,-2.810342806114646,-0.36581694992708164,G_Ca
-136.2546291160966,-0.652533270485623,-11.179011039823274,-2.850624993207284,-0.235897593320381,G_Ca
-136.70824537106157,-1.4757575463375663,-10.84789797996066,-2.8479917336743967,-0.0985160779844231,G_Ca
-137.15714371109294,-2.294648848539485,-10.49468866827788,-2.9131247032863112,0.03702620198490345,G_Ca
-137.5964569386777,-3.0961621022698833,-10.121848457262145,-2.9236097190647805,0.1787966839683577,G_Ca
-138.01392331637786,-3.863469375433269,-9.732886649104442,-3.018113566618246,0.3231936373027319,G_Ca
-138.45459592376022,-4.669557136674506,-9.327033900470068,-3.0305546844574414,0.47320001266027667,G_Ca
-138.84727368137746,-5.394718456526614,-8.898410639076696,-3.082324301703774,0.6250293781528664,G_Ca
-139.29908827001873,-6.223455118990804,-8.47422854496799,-3.1514587350059227,0.7740331853864217,G_Ca
-139.66623088492045,-6.904797085459725,-8.015321774376007,-3.1624621346597603,0.935229145676239,G_Ca
-140.0656093189999,-7.641716780528873,-7.555987044725729,-3.1494721750686248,1.0997313229214882,G_Ca
-140.4165963076948,-8.296467121532803,-7.083022496596718,-3.175219517616566,1.2626363646427645,G_Ca
-140.800142312051,-9.006365568171084,-6.61933696260283,-3.173031769259588,1.4214804810414103,G_Ca
-141.18334235080619,-9.715028505317578,-6.164138200740532,-3.170242967047313,1.5768312970948377,G_Ca
-141.53338054812588,-10.366483886731444,-5.713936762891691,-3.1943763607956517,1.7302585322390562,G_Ca
-141.91523249893854,-11.070344909392528,-5.2923044247759545,-3.189395523989108,1.8744958974625399,G_Ca
-142.2371831998488,-11.667917893337107,-4.885157927951726,-3.1657233765063797,2.013510874344418,G_Ca
-142.56754232464007,-12.279172245152212,-4.520963548097291,-3.19767801023709,2.14137721810998,G_Ca
-142.88625666707478,-12.865075534309915,-4.196001207580328,-3.168900166591587,2.2570475276290027,G_Ca
-143.21884943633953,-13.47100252729638,-3.9243305514761544,-3.1261533463330236,2.362608248396293,G_Ca
-143.53356718302513,-14.042462512739876,-3.7016414819681622,-3.091112570081346,2.449910625216471,G_Ca
-143.84658478206433,-14.607674880262078,-3.522535261094718,-3.053391201711788,2.5259513765585964,G_Ca
-144.15874265615787,-15.169760679656882,-3.3658204833900087,-3.0143096908174707,2.5954329807840573,G_Ca
-144.4288940994945,-15.660061902278755,-3.1743823484489266,-2.948885912843548,2.678700644787039,G_Ca
-144.74497555419356,-16.236238635170494,-2.917746649167167,-2.9158336000453433,2.774077785115319,G_Ca
-145.03446706897964,-16.778776821237496,-2.4985601614625117,-2.919873881049651,2.9130049956860558,G_Ca
-145.35564970918986,-17.390680112358393,-1.8460484992179254,-2.8549718520124823,3.114290692907172,G_Ca
-145.66622301559818,-18.00907147513811,-0.8903692053829969,-2.8915039261428754,3.3923818424847343,G_Ca
-145.96404128648112,-18.628888257930726,0.41292635673401756,-2.9040989758020124,3.7609822969614175,G_Ca
-146.29000083719436,-19.320104434330034,2.0251442338670853,-2.9249035071346063,4.216129804547918,G_Ca
-146.62053515036882,-20.040162624631822,3.8942724507041415,-3.0278430876989244,4.73310237374892,G_Ca
-146.96531192059896,-20.79910339631289,5.983915923718439,-3.0779727618743142,5.31722922856969,G_Ca
-147.29927939833547,-21.54887118677904,8.204140672509466,-3.1467072192085577,5.931221950640033,G_Ca
-147.66331863137944,-22.359751426481232,10.518268397141961,-3.266217013006105,6.570122187695191,G_Ca
-148.00215324834423,-23.12685887611686,12.861511988375367,-3.342174319137076,7.211817425987751,G_Ca
-148.3435502445955,-23.903332338094298,15.270286751515357,-3.4220119265727353,7.8676554543690465,G_Ca
-148.65344286963676,-24.628625308224393,17.717121658904556,-3.5312384551640905,8.53096071421157,G_Ca
-148.98454178030522,-25.38537368060017,20.13054086638481,-3.555051494249735,9.183439992688372,G_Ca
-112.43216314677717,41.54470096099096,-14.778140690162799,6.9861297605205,-3.011879526976157,G_K+G_Na
-113.91804240821598,38.97488692041666,-14.94063893739286,6.926517313882121,-2.961027767241185,G_K+G_Na
-115.29535977875786,36.58852776507431,-15.074057197824605,6.845001466451883,-2.9082466520066563,G_K+G_Na
-116.59042532017925,34.33907521639378,-15.185723482447157,6.696936439525952,-2.853217263887423,G_K+G_Na
-117.81004671895774,32.21786922794176,-15.275559175309274,6.554788609792703,-2.8003277222771588,G_K+G_Na
-118.91160173031832,30.299625200413523,-15.330063133746755,6.4459247098147,-2.738327230216459,G_K+G_Na
-119.9641774094695,28.463091612669245,-15.369740929487877,6.298271475877594,-2.677517352615806,G_K+G_Na
-120.98461408677706,26.680120603074094,-15.399613919024732,6.1288633896875755,-2.6265710017681294,G_K+G_Na
-121.90318072451606,25.07302711838278,-15.39661302011275,6.003512637405541,-2.561623849390624,G_K+G_Na
-122.82148012933726,23.465105643668522,-15.388912001981865,5.878047878238227,-2.498046684277864,G_K+G_Na
-123.69116120203329,21.938898218209456,-15.3654807589199,5.713634423411385,-2.4338613852417286,G_K+G_Na
-124.50199774485733,20.513954579407525,-15.322357618729109,5.565736928115787,-2.364532812391835,G_K+G_Na
-125.28671093917892,19.134591082398128,-15.264980416598224,5.462145239379877,-2.294703699535037,G_K+G_Na
-126.0331934946468,17.81731349247729,-15.195162709441936,5.2639122506474765,-2.2255346992798626,G_K+G_Na
-126.73669799346425,16.574502947236745,-15.111073754206974,5.092996960918301,-2.1443292229606787,G_K+G_Na
-127.42448542220123,15.35770207777865,-15.016472338182416,4.910686745074425,-2.063664205432703,G_K+G_Na
-128.10210719653267,14.159385527041762,-14.910602663255517,4.783577297167257,-1.9791471255330924,G_K+G_Na
-128.76408274039818,12.986871766699652,-14.792531398992285,4.645062533908631,-1.8961565119803234,G_K+G_Na
-129.36068128658258,11.92526819348798,-14.659584909014615,4.451097497838376,-1.8084996848649335,G_K+G_Na
-129.9641064302299,10.853314743918963,-14.516166358350112,4.328878202322938,-1.720769035418543,G_K+G_Na
-130.56777763319,9.779997833767162,-14.36387005979306,4.205962664452551,-1.6282571364143898,G_K+G_Na
-131.090182267035,8.84504679666411,-14.196330309729985,4.016590787283463,-1.5310043334308818,G_K+G_Na
-131.6716378547918,7.80640805658651,-14.033450042885613,3.809585935940232,-1.432150985303241,G_K+G_Na
-132.16839651606924,6.915959893699132,-13.844125250710688,3.6638859975200297,-1.3302995709951617,G_K+G_Na
-132.7138897066658,5.94160744393985,-13.655903023460528,3.5564857004301587,-1.2286399218117667,G_K+G_Na
-133.22131649966374,5.029530355289904,-13.4549756619349,3.3547828499275205,-1.1329335210837832,G_K+G_Na
-133.67592057387634,4.2104598573925,-13.227741714763166,3.235784493615975,-1.025349072766784,G_K+G_Na
-134.15769314547535,3.343097588960612,-13.005491136261401,3.078025543828785,-0.9283355545473324,G_K+G_Na
-134.61262247534697,2.5225065545311445,-12.767365093606383,2.9584483842188805,-0.8188522763305908,G_K+G_Na
-135.0621219265895,1.7088799184333887,-12.525484062596268,2.772261259327063,-0.7165980705292542,G_K+G_Na
-135.50162249930943,0.9137025004767663,-12.271946930810858,2.64119114386073,-0.6098588716305383,G_K+G_Na
-135.925423773282,0.14515369874593673,-12.011422092606425,2.4990115109609015,-0.5055921536541386,G_K+G_Na
-136.3325914196664,-0.5959619773643556,-11.740362396166631,2.3396102142744204,-0.3933386688267121,G_K+G_Na
-136.7464708014491,-1.346449280496576,-11.465356699927614,2.2524336783847407,-0.2847178937414122,G_K+G_Na
-137.13816193592444,-2.0620313814506903,-11.17973192524494,2.081554817623482,-0.17455212818234683,G_K+G_Na
-137.51942402712152,-2.757132637047738,-10.896223033955865,1.966676772833015,-0.06436693143855524,G_K+G_Na
-137.88521215687334,-3.4269152382776973,-10.597017100820059,1.8401380159788003,0.046138453867800584,G_K+G_Na
-138.27660373639327,-4.141178241494054,-10.31966365906196,1.6699990822721855,0.1505968992842495,G_K+G_Na
-138.64232843187617,-4.8108718628961515,-10.020973776244823,1.5436442313070426,0.2582745420424467,G_K+G_Na
-138.99087968579937,-5.45077933593171,-9.727675607034707,1.401060908086501,0.36976033691979343,G_K+G_Na
-139.34582203442156,-6.098782924885585,-9.43951853284868,1.3312251277275517,0.47545848275875213,G_K+G_Na
-139.67798484656743,-6.709605561306403,-9.156472735495623,1.1787013232617825,0.5777827759331605,G_K+G_Na
-139.98372898258447,-7.272558956943957,-8.87476524237562,1.0713734296858257,0.6766556325390514,G_K+G_Na
-140.31503073878235,-7.880360617610388,-8.612848600977602,0.9202464817707864,0.7716590575625307,G_K+G_Na
-140.63551486797664,-8.46652067961311,-8.36186484627946,0.8255807235631843,0.8652731535829534,G_K+G_Na
-140.93940529814742,-9.022891597272617,-8.126140631033998,0.7211931276561212,0.9502140240198721,G_K+G_Na
-141.2424962170547,-9.576317555769537,-7.911364156837993,0.6181265449264758,1.0282482152783108,G_K+G_Na
-141.5446643348637,-10.1264571346329,-7.7194918386298825,0.5164844201527196,1.100260414074717,G_K+G_Na
-141.84586316628827,-10.673031305589722,-7.553016139639111,0.41641631420993225,1.1644105570450223,G_K+G_Na
-142.10333332690837,-11.141820444515371,-7.394588538157132,0.34528220841311835,1.2309475851158735,G_K+G_Na
-142.40270452712485,-11.681795875591712,-7.27468813218449,0.24808486767718577,1.2820372016023573,G_K+G_Na
-142.6585402019601,-12.144625448555852,-7.158236915681564,0.17953995463553774,1.3368154904608558,G_K+G_Na
-142.92420704870747,-12.625427731035863,-7.057099223020694,0.05619865189391715,1.3837358762455647,G_K+G_Na
-143.1638565842805,-13.059693566683986,-6.9475762003032555,-0.022588456486632852,1.431116448219905,G_K+G_Na
-143.45274382007415,-13.579226278294735,-6.829320972710822,-0.06388300540093181,1.4846014588883387,G_K+G_Na
-143.69458684285414,-14.021455391887287,-6.663228056594954,-0.14606537958632362,1.5466174592618376,G_K+G_Na
-143.93877591311409,-14.472039100874026,-6.437298611235433,-0.23183478331700716,1.6246671344026118,G_K+G_Na
-144.2122882849536,-14.981020215881903,-6.13579228727824,-0.36721087626347737,1.723367872125294,G_K+G_Na
-144.43139292744567,-15.403605415169437,-5.708166217833359,-0.4924888713234487,1.855003227539237,G_K+G_Na
-144.67763412932229,-15.879101211597959,-5.163135965556466,-0.5418181909993338,2.019955355648822,G_K+G_Na
-144.93896505786387,-16.39144141443517,-4.499915540587191,-0.6540944644923881,2.2129379108064824,G_K+G_Na
-145.19538020230326,-16.90352629249777,-3.695945273174022,-0.7192034971351433,2.447233632400126,G_K+G_Na
-145.43408535816488,-17.39657439323758,-2.7696968451726445,-0.8748782513817138,2.712449943640864,G_K+G_Na
-145.7090365571984,-17.957885965544776,-1.7605783736609435,-1.008367245572565,2.999361379603265,G_K+G_Na
-145.94539581927992,-18.459898970674292,-0.6289008137760543,-1.1209264537836303,3.324206501598228,G_K+G_Na
-146.20051630503127,-18.996973280707824,0.5454257364943803,-1.219578926841083,3.654989354275007,G_K+G_Na
-146.45215375587878,-19.536561043060004,1.7994544862565587,-1.3954796423641163,4.0099131683235605,G_K+G_Na
-146.72671672087586,-20.113680663422258,3.062130518979352,-1.4888015599657707,4.368592134365975,G_K+G_Na
-146.9554992461997,-20.618256510861983,4.405487629248515,-1.625075922286178,4.744694815059569,G_K+G_Na
-147.21038869217404,-21.16927578607344,5.740241134871614,-1.8058327368974083,5.1189964315647245,G_K+G_Na
-147.42974538878812,-21.65714756542202,7.108636202907067,-1.887680054312149,5.502060032283108,G_K+G_Na
-147.69235070389468,-22.221027762295925,8.472082262926916,-1.9976878157657478,5.87862150449751,G_K+G_Na
-147.938396160404,-22.757664409903327,9.847476938544531,-2.1249487229518267,6.26251735796638,G_K+G_Na
-148.18445450368264,-23.29344453764791,11.215393876673161,-2.2489993025254105,6.6379075143634605,G_K+G_Na
-148.4145101714866,-23.802272943063823,12.589518243125152,-2.386735716052269,7.014496099435258,G_K+G_Na
-148.63282847018775,-24.286060360761184,13.92891344554095,-2.4665813483867383,7.384057973798916,G_K+G_Na
-148.85120693627945,-24.770217800909787,15.271944806439802,-2.5464556512043672,7.753084972031304,G_K+G_Na
-149.0786084301662,-25.2694730558267,16.57860634854104,-2.6799424498375823,8.109274034553057,G_K+G_Na
-149.29364507496342,-25.74142985613304,17.83451166778815,-2.7546006525884996,8.45481069724436,G_K+G_Na
-149.47521250503505,-26.155014046292365,19.077342433722887,-2.8557423831643884,8.797587992277375,G_K+G_Na
-149.68721699431825,-26.61604060910605,20.257306557243822,-2.9255725847573104,9.121476308436991,G_K+G_Na
811.8316796242734,-149.75573070371755,-9.73141968095294,4.525612404163138,-0.37879210094869664,G_K+G_Ca
794.6784552305662,-140.0066040660357,-9.053338392963239,4.212659443493972,-0.34625367227582254,G_K+G_Ca
775.0246366776789,-128.96105618527952,-8.293971839255384,3.8339395128101725,-0.3127299158273239,G_K+G_Ca
752.6104400836495,-116.199150855705,-7.404777508787195,3.4161091491567412,-0.2690677195980344,G_K+G_Ca
727.3240385101975,-101.86641090364904,-6.410040485849815,2.969635181226722,-0.2227328621529407,G_K+G_Ca
698.7134296280132,-85.55607402486152,-5.272269008443641,2.428330816626545,-0.16602925533351032,G_K+G_Ca
666.4156864184819,-67.21737250618641,-3.903226610576975,1.8428991866010809,-0.13418638316248582,G_K+G_Ca
630.6067802573326,-46.821068926742406,-2.4797206023236837,1.170364728135938,-0.06370758477508935,G_K+G_Ca
590.8527994917607,-24.23965354086274,-0.9052614209335597,0.4490288464641993,-0.011641716883663404,G_K+G_Ca
547.4379786414058,0.4373637687713926,0.8276244035438285,-0.3424138912447287,-0.002035938859790639,G_K+G_Ca
500.2722115692779,27.33474877388778,2.7350655457504125,-1.2356380078373255,-0.005084961071795875,G_K+G_Ca
450.1741405530623,55.77117965756527,4.782991810770507,-2.2017876107164303,-0.03192981273951161,G_K+G_Ca
397.3387582447968,85.73739294567471,6.7812702759207175,-3.154149082951789,0.2644947594681234,G_K+G_Ca
342.63183026456574,116.7817066695946,8.909996219604595,-4.21078268628201,0.47245936801187366,G_K+G_Ca
285.5856020958286,148.98842357106938,11.123277136550927,-5.308826577512188,0.6370932962183593,G_K+G_Ca
217.40959083791995,187.14241644455643,13.719456843981623,-6.794941043209409,0.7455012518459334,G_K+G_Ca
593.8078409967017,-25.895696407219152,-1.020555173794339,0.4962183238660767,-0.021799140236030225,G_K+G_Ca
569.1886322980366,-11.90761976003753,-0.04183993907062407,0.047831161446773116,0.0011829130995197525,G_K+G_Ca
543.9321174091762,2.4449633768828036,0.9679895236809536,-0.4121977579482627,0.0057247828391645,G_K+G_Ca
517.7783406621307,17.309711081071683,2.035855478432505,-0.8868183933528686,-0.04818571595358162,G_K+G_Ca
491.2991232605258,32.35768247418647,3.1438685284983534,-1.369137734700981,-0.08423980469388015,G_K+G_Ca
464.1427111088919,47.79721979301581,4.23389006643934,-1.8673265466317286,-0.06826704609853224,G_K+G_Ca
436.20538560500796,63.664587381364086,5.270448072651447,-2.4446855629549105,0.09504663236697536,G_K+G_Ca
408.12927609966437,79.62972951737048,6.3970184389266445,-2.963222549425971,0.15438819804016354,G_K+G_Ca
379.8543148486513,95.63980106439799,7.450770860303493,-3.4648671833656297,0.3592834570639461,G_K+G_Ca
351.1960341458735,111.91413985900247,8.570746789806114,-4.052083853893129,0.45210814644114783,G_K+G_Ca
322.39388390996237,128.18495799832388,9.69198573309655,-4.546506811799463,0.5550635397964494,G_K+G_Ca
292.93262071920503,144.8559343416777,10.83993230354404,-5.191279020850914,0.6183504097951473,G_K+G_Ca
262.60319685577815,161.8749173830085,12.002340354698468,-5.79545708262602,0.6780730640602998,G_K+G_Ca
228.01263901528452,181.26989760769678,13.326383100717836,-6.526154941105965,0.7347999657725948,G_K+G_Ca
172.09814231098895,212.05326784049467,15.37277508730946,-7.763656394582888,0.7550209952481706,G_K+G_Ca
-115.48556236638412,35.862740752256606,-15.223761689881687,-8.503817878475132,-3.2520832146521808,G_K+G_Ca
-116.40832786093114,34.28428925476543,-15.590263648679779,-8.391907176772124,-3.309818527483546,G_K+G_Ca
-117.33733024897154,32.67987174097261,-15.773425175463215,-8.297181731116467,-3.298391967249878,G_K+G_Ca
-118.25378429068226,31.09186116214844,-15.888784774815003,-8.21138781497598,-3.283941421165205,G_K+G_Ca
-119.13376078427854,29.56485312602822,-15.947629230019105,-8.037084465385117,-3.2334426325462626,G_K+G_Ca
-119.9930402491425,28.069945865546885,-15.985669895020859,-7.941178173985099,-3.1896174980441696,G_K+G_Ca
-120.85273563512514,26.572524698695474,-16.00695678772158,-7.846288287883522,-3.141610710586903,G_K+G_Ca
-121.7602853166418,24.99128285309826,-16.025328806977754,-7.716957422062762,-3.083875471401755,G_K+G_Ca
-122.55114108903825,23.6116954320857,-16.00443624083504,-7.551306065620245,-3.0201026504913435,G_K+G_Ca
-123.35234483840814,22.2113676943348,-15.979838516578981,-7.441592305179011,-2.9588654397694514,G_K+G_Ca
-124.15378770692101,20.809437171876134,-15.944548801218959,-7.332490203130207,-2.8954795971202363,G_K+G_Ca
-124.91261683452011,19.48080144202026,-15.886779169404226,-7.1964758926112244,-2.8199471236200764,G_K+G_Ca
-125.65594395530525,18.177250086994125,-15.812237628091609,-7.0721835514571225,-2.7444689356610357,G_K+G_Ca
-126.39944995639314,16.87234432163398,-15.728603796052852,-6.948375342836673,-2.6677266143817073,G_K+G_Ca
-127.14340890207815,15.564985579670527,-15.628707667838416,-6.825629439615733,-2.5857404785178817,G_K+G_Ca
-127.85500174251655,14.311324995227418,-15.509860754243386,-6.731455081136065,-2.496066880258386,G_K+G_Ca
-128.54093204615629,13.102136315848604,-15.368900670311737,-6.593583875867123,-2.4020454294889033,G_K+G_Ca
-129.25329882457328,11.844335986580779,-15.222097088590282,-6.5011683225900105,-2.3039742791030347,G_K+G_Ca
-129.92996361369515,10.649832759042981,-15.044447516813248,-6.310096592186732,-2.1919798801287826,G_K+G_Ca
-130.58497977399844,9.48875426438368,-14.84960364719681,-6.2009124402358315,-2.076508709696294,G_K+G_Ca
-131.24027028420318,8.325357662380844,-14.636116588597806,-6.09536948053908,-1.9521754213839426,G_K+G_Ca
-131.87007212615688,7.205881816037393,-14.39644373035972,-5.946374994885501,-1.8222704216533498,G_K+G_Ca
-132.5107580909304,6.064170583761702,-14.142040692875847,-5.85396916259255,-1.6922719929694325,G_K+G_Ca
-133.14191024091906,4.938951681112149,-13.862797343546156,-5.707473610025748,-1.5505516999119793,G_K+G_Ca
-133.74120232108984,3.865871873328042,-13.554196070089466,-5.59050065179253,-1.3936802693826678,G_K+G_Ca
-134.34121270019605,2.7898863958221165,-13.226311011199117,-5.475014979140367,-1.2274139980050247,G_K+G_Ca
-134.9589546673723,1.6819626598116408,-12.877419362521813,-5.344136010466766,-1.062239748260961,G_K+G_Ca
-135.52816548601533,0.6538837678765873,-12.488607010016413,-5.259331485923136,-0.8836404673335326,G_K+G_Ca
-136.10490492347935,-0.3866883171469763,-12.073476960797604,-5.103631932799162,-0.7024279983006667,G_K+G_Ca
-136.69280818286342,-1.450428742403421,-11.636767863269336,-5.004845955057432,-0.5207917751610486,G_K+G_Ca
-137.22308991517804,-2.4164029924418413,-11.154834043900129,-4.8910749448793345,-0.3275569409618996,G_K+G_Ca
-137.7702213733484,-3.4134135919426147,-10.648600466410066,-4.768046753141015,-0.12402066041775622,G_K+G_Ca
-138.3183762782405,-4.414440015247034,-10.114132187302554,-4.646686469986303,0.08626772092307257,G_K+G_Ca
-138.86177061919383,-5.411041932380035,-9.557988157043457,-4.592991492561921,0.29357709215173494,G_K+G_Ca
-139.39585599575727,-6.3917605497244105,-8.972010031131791,-4.48529658571534,0.5106649204140657,G_K+G_Ca
-139.93061565586953,-7.3751602143750175,-8.367027314098749,-4.37865866892755,0.7313336735970972,G_K+G_Ca
-140.4331017122076,-8.304736638180062,-7.742906551319943,-4.300380054496413,0.9566024613472499,G_K+G_Ca
-140.96823176092389,-9.28987173094335,-7.1253703904431305,-4.194268177672221,1.177083274870923,G_K+G_Ca
-141.47014228051782,-10.217827408067095,-6.512744286653064,-4.115033883401659,1.394915116616503,G_K+G_Ca
-141.96047481341384,-11.121593482222474,-5.928554722442559,-3.9782208131286954,1.6070527984624234,G_K+G_Ca
-142.4429288106107,-12.009700351489524,-5.402134829027148,-3.904215265495568,1.7947018283230949,G_K+G_Ca
-142.92221807347264,-12.886563433606941,-4.95522522867281,-3.825301348433344,1.9601258746921362,G_K+G_Ca
-143.4194853723016,-13.785174856224737,-4.605237347341692,-3.660773829738556,2.1065446284903486,G_K+G_Ca
-143.84876223007953,-14.561653823569994,-4.326459147374704,-3.5431601573813714,2.230823398332606,G_K+G_Ca
-144.310059261637,-15.391598325437245,-4.069559104253648,-3.3969246256872467,2.3484719157370373,G_K+G_Ca
-144.75441037237744,-16.20521573712283,-3.670075350733016,-3.3423133168956056,2.501006688658047,G_K+G_Ca
-145.19414650467502,-17.03753784493548,-2.8543743582618757,-3.2014416440194458,2.768026347398643,G_K+G_Ca
-145.6961964258297,-18.027309502460135,-1.4131251631381674,-3.193281848261843,3.1871406441538306,G_K+G_Ca
-146.19142881491393,-19.059938817769215,0.8192271593194523,-3.1384859485143335,3.8283822966507643,G_K+G_Ca
-146.70689325312924,-20.17805554069578,3.7072315108364045,-3.190341116278873,4.6391228987675035,G_K+G_Ca
818.3527043157575,-153.49024980506996,-9.993185560920093,4.655632041742294,-0.3926712108168255,G_Na+G_Ca
802.2481258693051,-144.34168260610932,-9.357211984425847,4.3635962133319275,-0.36237320014306346,G_Na+G_Ca
783.6630636250181,-133.77260569859172,-8.621671217428847,4.022084414147679,-0.3268079220266474,G_Na+G_Ca
762.4964239302408,-121.86075101510038,-7.801622088886672,3.6132241777038865,-0.2901053149852486,G_Na+G_Ca
738.4517766303775,-108.16518449630841,-6.847042874237261,3.162917604653315,-0.24303002162501225,G_Na+G_Ca
711.3094320026389,-92.76961426521258,-5.777828012002407,2.6794333624369955,-0.19277207185347364,G_Na+G_Ca
680.8215740738926,-75.3842578016197,-4.56474664525604,2.100728160627905,-0.13211747191381923,G_Na+G_Ca
646.5526088836328,-55.95293258694376,-3.1197047654745362,1.4881545900121076,-0.0969064317662206,G_Na+G_Ca
608.5191244858997,-34.246546609284344,-1.6032808335583213,0.7598419883279692,-0.03140577747660463,G_Na+G_Ca
566.9461843359561,-10.623747669550285,0.04770351681516573,0.0033908538920749813,0.005804919686066606,G_Na+G_Ca
521.704787177844,15.097206504007792,1.8817535093478568,-0.8199322435490423,-0.06120898602436,G_Na+G_Ca
472.85614577233514,42.843527933093156,3.8889645732857736,-1.7049825229351774,-0.09419129259922537,G_Na+G_Ca
421.45912385849323,72.03294410029396,5.86466537323205,-2.7096192242091868,0.1268299243291597,G_Na+G_Ca
368.26471303307073,102.21420263156692,7.905153972336283,-3.7392002647406635,0.3801304837383642,G_Na+G_Ca
313.0516285869225,133.47222357780592,10.05559379890781,-4.775927638371951,0.5721313209464695,G_Na+G_Ca
254.09284598842407,166.61071484618532,12.326899960859196,-5.979967820081504,0.7000993535171031,G_Na+G_Ca
146.66938854872902,225.75367968932713,16.264525719448688,-8.338576481562376,0.7098800198814225,G_Na+G_Ca
673.5555073147333,-71.30635935974529,-4.190030998168754,1.98531077445372,-0.14907650798123073,G_Na+G_Ca
656.2428530770173,-61.39204085239802,-3.4955863171040567,1.640543785772866,-0.11363606872726432,G_Na+G_Ca
638.4284477221756,-51.300532146108516,-2.793871470468986,1.3263655613466123,-0.08009337332986195,G_Na+G_Ca
619.7316753807903,-40.667526692312805,-2.0530164774936073,0.9831241014239618,-0.05459414448696042,G_Na+G_Ca
600.2225495290987,-29.569411348197182,-1.2781745580515391,0.6241821711929268,-0.03549835528680325,G_Na+G_Ca
579.9161197522819,-18.051067410954428,-0.4723066125572254,0.261683150258411,-0.021923631648858626,G_Na+G_Ca
559.1177977405562,-6.140798675100371,0.3614763954156056,-0.1524807677281107,0.022537430692427342,G_Na+G_Ca
537.4512651857079,6.155954830320039,1.2271702830816669,-0.5410457786386598,0.020098180577443996,G_Na+G_Ca
515.1260133758541,18.82830724353828,2.1411635524058976,-0.9394617238283579,-0.041328471778501276,G_Na+G_Ca
491.9260251307267,31.998351670434857,3.118921611774429,-1.3563580752979492,-0.08707628886452416,G_Na+G_Ca
468.747677819284,45.19617889934828,4.052984712781829,-1.7867845861666198,-0.08391989420605205,G_Na+G_Ca
444.93651782487393,58.70095338677846,4.92241960412636,-2.2823998878816294,0.07619438290472164,G_Na+G_Ca
420.43546970006474,72.61907190504013,5.905622738523861,-2.7299326151711947,0.12877865969875965,G_Na+G_Ca
395.8426156661857,86.59371500923737,6.84079045838642,-3.183560914490122,0.2668073645944406,G_Na+G_Ca
371.12056769663013,100.57888752911481,7.790721204494547,-3.6824520212227254,0.3747479821887158,G_Na+G_Ca
345.8999778412917,114.91001287999974,8.77882768155064,-4.145615867743542,0.4658506783915311,G_Na+G_Ca
320.4711365981352,129.28555914216108,9.768445618061206,-4.584407163807313,0.5585682794207172,G_Na+G_Ca
294.5884114100044,143.90763042290584,10.773546217850422,-5.158258621157192,0.6149663183113698,G_Na+G_Ca
267.8454733214317,158.972721683034,11.808111027220965,-5.664379001839831,0.6747067691388027,G_Na+G_Ca
238.98719925326742,175.12271364048257,12.909095836390366,-6.293901603825315,0.722019556661176,G_Na+G_Ca
203.3448766413078,194.94688903799897,14.244810645780598,-7.046856325593033,0.7581380540563827,G_Na+G_Ca
-135.25853700008207,0.3784246795613253,-0.7110190926180624,-2.548248610508716,2.5126883345420867,G_Na+G_Ca
-135.32692356557752,0.7077952250560239,-6.904062121600456,-2.1814439208497456,0.8656392121717726,G_Na+G_Ca
-135.68085522888208,0.22903209094717636,-8.926698604028907,-2.1023490954473867,0.3612461285006778,G_Na+G_Ca
-136.10386201317775,-0.4539721692312998,-9.77415394805337,-2.0132693886303423,0.17881964407757406,G_Na+G_Ca
-136.54211705912667,-1.2048823850290629,-10.093844053178055,-2.0233258563018697,0.13107241380726123,G_Na+G_Ca
-136.95124970091214,-1.9304579934129336,-10.050593034651094,-2.0299690804540482,0.18959855764789152,G_Na+G_Ca
-137.37276417749166,-2.6864801780427174,-9.856420774123858,-1.9735283258743634,0.28462376197933154,G_Na+G_Ca
-137.81841592887466,-3.4940564376479286,-9.581944794321657,-2.0335320485933863,0.39552002033715306,G_Na+G_Ca
-138.2395613504678,-4.26268559353925,-9.236187762826932,-2.058794435204949,0.5339586755760667,G_Na+G_Ca
-138.63629304081164,-4.990898064197263,-8.839439986500773,-2.0421407471550195,0.6844436307601764,G_Na+G_Ca
-139.02808186132017,-5.713848935534926,-8.427076906330212,-2.092791220228584,0.8298452753755631,G_Na+G_Ca
-139.4098968720669,-6.419166498561771,-7.994478232691212,-2.0914821279881877,0.9885323586043923,G_Na+G_Ca
-139.7922477659099,-7.125542654676203,-7.556667379807793,-2.0878456625110164,1.1426262478959488,G_Na+G_Ca
-140.1745925312492,-7.831599563611524,-7.120730668475363,-2.083979119367868,1.2939814310280555,G_Na+G_Ca
-140.5244578718974,-8.482833495983018,-6.672428943438733,-2.1081316251454285,1.4496870561954136,G_Na+G_Ca
-140.90663607604677,-9.188078118048546,-6.241338517939067,-2.1038281158302885,1.598154200868248,G_Na+G_Ca
-141.23989965788243,-9.809027036504576,-5.81145893178175,-2.1373618887728267,1.7410622190890481,G_Na+G_Ca
-141.5884236378425,-10.455065351438376,-5.398794680363416,-2.1590953855879707,1.8835819414711985,G_Na+G_Ca
-141.94247609552804,-11.105870682062152,-5.014314551860353,-2.1066759252276515,2.014668595563014,G_Na+G_Ca
-142.28878118596174,-11.743685196987057,-4.6594784293948495,-2.1247512994695903,2.139131574548714,G_Na+G_Ca
-142.57493820494102,-12.274186277024619,-4.32599618612189,-2.1237376633631895,2.2574406945228387,G_Na+G_Ca
-142.89189277852805,-12.853352803309528,-4.048156087819596,-2.0919917494671183,2.358554832512253,G_Na+G_Ca
-143.20711536261902,-13.426211729451644,-3.814435957737081,-2.0575362208983528,2.4482485062414376,G_Na+G_Ca
-143.498180589184,-13.956697342023912,-3.623017134417693,-2.1035414171443523,2.5240481236053918,G_Na+G_Ca
-143.8105045732247,-14.51894020625385,-3.46405889582484,-2.0645113263953134,2.5935485247916894,G_Na+G_Ca
-144.07381411855826,-14.997528255686527,-3.299728360639539,-2.0663853892849025,2.6654210284465165,G_Na+G_Ca
-144.3872365911753,-15.563531229781654,-3.113811603894818,-2.028964739101784,2.7417025673228816,G_Na+G_Ca
-144.6454049072128,-16.04004193386058,-2.8237152324851964,-1.9800977286369765,2.8446331352893663,G_Na+G_Ca
-144.9358375936713,-16.585474586769603,-2.3837028620129286,-1.9853528178275386,2.987465527845333,G_Na+G_Ca
-145.2188597671519,-17.1339118519126,-1.7264212311973095,-2.0143986335750754,3.1823515864848577,G_Na+G_Ca
-145.52850976014557,-17.748438314017182,-0.7973158880600083,-2.0492621733159804,3.452485542508755,G_Na+G_Ca
-145.8236049716081,-18.357768534283565,0.4327364707801948,-2.057352347541981,3.8008252588952134,G_Na+G_Ca
-146.1395807492018,-19.02478680462295,1.9277963965841511,-2.1373973885110114,4.216456997509601,G_Na+G_Ca
-146.4324169695813,-19.67055154919885,3.671642072547861,-2.260010632626064,4.700345685024216,G_Na+G_Ca
-146.75452567771976,-20.37687520207195,5.586328261161047,-2.3100327758282417,5.232478714652927,G_Na+G_Ca
-147.10777025447968,-21.147993348998813,7.62088418291576,-2.4125162570351253,5.798063812427296,G_Na+G_Ca
-147.39875492213767,-21.816504899428825,9.720676740890177,-2.567526116894645,6.3716739944399245,G_Na+G_Ca
-147.7310925041667,-22.559438356908185,11.893246714609754,-2.6332126156354176,6.969108398518905,G_Na+G_Ca
-148.0421692466881,-23.270450517749822,14.098927907309896,-2.7836688597454073,7.570100107371917,G_Na+G_Ca
-148.34313173559335,-23.962278720896077,16.31084588977041,-2.878657395857923,8.172697450436813,G_Na+G_Ca
-148.65494380855276,-24.67585583879911,18.535735978772543,-3.029852754822064,8.772122711572944,G_Na+G_Ca
-148.9709296790277,-25.389297815708613,20.6969973183271,-3.1047736483735746,9.349846051135891,G_Na+G_Ca
-149.2770387796208,-26.081815280405625,22.773313795916703,-3.24675210588796,9.905890212598766,G_Na+G_Ca
