Name,KNeighborsRegressor,XGBRegressor,Majority
208500,208500.0,200211.77,200211.765625
181500,181500.0,175904.62,175904.625
223500,223500.0,212915.77,212915.765625
140000,140000.0,145078.31,140000.0
250000,250000.0,282236.03,250000.0
143000,143000.0,150367.14,143000.0
307000,307000.0,304882.75,304882.75
200000,200000.0,213511.64,200000.0
129900,129900.0,126186.164,126186.1640625
118000,118000.0,116859.4,116859.3984375
129500,116196.58933472337,130595.17,116196.58933472337
345000,345000.0,351272.75,345000.0
144000,144000.0,140545.02,140545.015625
279500,279500.0,235413.3,235413.296875
157000,157000.0,146661.88,146661.875
132000,132000.0,138543.67,132000.0
149000,149000.0,148742.34,148742.34375
90000,90000.0,104883.69,90000.0
159000,159000.0,156373.92,156373.921875
139000,115822.39002385394,142100.94,115822.39002385394
325300,325300.0,321691.4,321691.40625
139400,139400.0,131811.25,131811.25
230000,230000.0,225319.7,225319.703125
129900,129900.0,139570.0,129900.0
154000,136959.4121844368,133834.6,133834.59375
256300,256300.0,251533.14,251533.140625
134800,134800.0,131936.17,131936.171875
306000,306000.0,307015.38,306000.0
207500,154362.52941439176,177676.83,154362.52941439176
68500,68500.0,72910.16,68500.0
40000,40000.0,50461.637,40000.0
149350,149350.0,138512.11,138512.109375
179900,179900.0,195950.05,179900.0
165500,165500.0,161521.16,161521.15625
277500,277500.0,286020.28,277500.0
309000,288040.6909820364,304737.22,288040.6909820364
145000,145000.0,141195.66,141195.65625
153000,153000.0,147349.95,147349.953125
109000,109000.0,124790.01,109000.0
82000,82000.0,85655.62,82000.0
160000,155437.58898017582,138676.3,138676.296875
170000,170000.0,161635.11,161635.109375
144000,144000.0,141347.16,141347.15625
130250,130250.0,129328.98,129328.9765625
141000,141000.0,142698.0,141000.0
319900,319900.0,312309.0,312309.0
239686,239686.0,247151.66,239686.0
249700,249700.0,249094.7,249094.703125
113000,113000.0,113187.24,113000.0
127000,127000.0,131861.84,127000.0
177000,177000.0,175585.58,175585.578125
114500,114500.0,122915.01,114500.0
110000,120178.47091793326,114379.43,114379.4296875
385000,385000.0,380599.38,380599.375
130000,130000.0,126050.57,126050.5703125
180500,180500.0,167548.45,167548.453125
172500,172500.0,178420.97,172500.0
196500,196500.0,196690.55,196500.0
438780,352772.8362161184,376986.94,352772.8362161184
124900,124900.0,123570.63,123570.6328125
158000,158000.0,161255.19,158000.0
101000,101000.0,103815.55,101000.0
202500,202500.0,201984.27,201984.265625
140000,143936.60896586208,145871.33,143936.60896586208
219500,219500.0,240095.08,219500.0
317000,317000.0,304644.34,304644.34375
180000,180000.0,196042.34,180000.0
226000,226000.0,209098.86,209098.859375
80000,80000.0,76369.94,76369.9375
225000,225000.0,236413.4,225000.0
244000,250063.15764307353,271591.88,250063.15764307353
129500,129500.0,127911.73,127911.7265625
185000,185000.0,183852.61,183852.609375
144900,144900.0,145377.36,144900.0
107400,107400.0,115149.09,107400.0
91000,91000.0,90484.414,90484.4140625
135750,119179.528140321,118654.74,118654.7421875
127000,123105.26350122623,128755.64,123105.26350122623
136500,136500.0,130173.15,130173.1484375
110000,110000.0,109783.03,109783.03125
193500,193500.0,193641.97,193500.0
153500,153500.0,166471.78,153500.0
245000,245000.0,236486.47,236486.46875
126500,126500.0,128228.42,126500.0
168500,172169.5538609682,167513.42,167513.421875
260000,260000.0,270068.12,260000.0
174000,174000.0,176272.39,174000.0
164500,164500.0,163295.73,163295.734375
85000,85000.0,83400.34,83400.34375
123600,123600.0,119417.04,119417.0390625
109900,109900.0,95961.59,95961.59375
98600,98600.0,107226.5,98600.0
163500,163500.0,152487.25,152487.25
133900,133900.0,137999.78,133900.0
204750,204750.0,206353.19,204750.0
185000,185000.0,182605.72,182605.71875
214000,214000.0,220934.42,214000.0
94750,94750.0,108858.11,94750.0
83000,83000.0,85340.44,83000.0
128950,128950.0,121039.555,121039.5546875
205000,205000.0,197661.33,197661.328125
178000,178000.0,173226.69,173226.6875
118964,118624.22855023715,121719.664,118624.22855023715
198900,198900.0,196654.27,196654.265625
169500,169500.0,162604.36,162604.359375
250000,250000.0,248889.1,248889.09375
100000,97805.32324533693,91970.086,91970.0859375
115000,115000.0,106049.61,106049.609375
115000,115856.71446560643,131974.22,115856.71446560643
190000,195989.0061096596,192165.06,192165.0625
136900,136900.0,141170.73,136900.0
180000,180000.0,171762.55,171762.546875
383970,340444.4117396387,298885.7,298885.6875
217000,217000.0,212436.97,212436.96875
259500,220861.85576509594,191486.58,191486.578125
176000,176000.0,172890.45,172890.453125
139000,139000.0,132476.92,132476.921875
155000,155000.0,148710.25,148710.25
320000,268011.6749634666,330216.0,268011.6749634666
163990,163990.0,175243.03,163990.0
180000,139860.47729338252,154120.62,139860.47729338252
100000,100000.0,95645.555,95645.5546875
136000,136000.0,144236.52,136000.0
153900,153900.0,162836.83,153900.0
181000,181000.0,178491.4,178491.40625
84500,110742.60579140471,96384.875,96384.875
128000,128000.0,133389.3,128000.0
87000,87000.0,91548.46,87000.0
155000,163181.36338945033,137297.72,137297.71875
150000,150000.0,144510.22,144510.21875
226000,201566.6487315883,222948.98,201566.6487315883
244000,244000.0,215274.9,215274.90625
150750,150750.0,148178.03,148178.03125
220000,220000.0,215595.47,215595.46875
180000,161235.96139225824,161930.78,161235.96139225824
174000,174000.0,170697.84,170697.84375
143000,143000.0,148623.56,143000.0
171000,132875.21988863926,237437.31,132875.21988863926
230000,237168.5027282857,239710.84,237168.5027282857
231500,231500.0,221775.14,221775.140625
115000,109061.67269123979,104822.89,104822.890625
260000,260000.0,263254.25,260000.0
166000,166000.0,144296.48,144296.484375
204000,204000.0,209289.89,204000.0
125000,125000.0,127750.54,125000.0
130000,140385.44824438044,148039.2,140385.44824438044
105000,105000.0,107357.69,105000.0
222500,222500.0,224896.81,222500.0
141000,141000.0,156349.67,141000.0
115000,115000.0,104138.48,104138.4765625
122000,122000.0,132228.38,122000.0
372402,372402.0,370760.0,370760.0
190000,190000.0,179829.55,179829.546875
235000,164950.54697451688,178212.27,164950.54697451688
125000,125000.0,115611.195,115611.1953125
79000,79000.0,83952.06,79000.0
109500,109500.0,106614.96,106614.9609375
269500,269500.0,271265.62,269500.0
254900,254900.0,239553.38,239553.375
320000,320000.0,299960.25,299960.25
162500,162500.0,168171.38,162500.0
412500,412500.0,396686.72,396686.71875
220000,220000.0,234653.19,220000.0
103200,103200.0,93809.99,93809.9921875
152000,152000.0,145401.52,145401.515625
127500,127500.0,125192.1,125192.1015625
190000,190287.8290664733,164759.14,164759.140625
325624,325624.0,341637.62,325624.0
183500,183500.0,192814.27,183500.0
228000,228000.0,234510.44,228000.0
128500,128500.0,123907.23,123907.2265625
215000,162887.73522176864,192665.66,162887.73522176864
239000,239000.0,223252.27,223252.265625
163000,156591.7493055818,148433.23,148433.234375
184000,184000.0,190067.75,184000.0
243000,243000.0,235671.36,235671.359375
211000,211000.0,209005.23,209005.234375
172500,172500.0,168013.77,168013.765625
501837,501837.0,492592.44,492592.4375
100000,100000.0,106428.59,100000.0
177000,177000.0,177042.62,177000.0
200100,200100.0,191461.08,191461.078125
120000,120000.0,117758.54,117758.5390625
200000,200000.0,199494.2,199494.203125
127000,121250.44578356651,127610.3,121250.44578356651
475000,475000.0,473928.3,473928.3125
173000,173000.0,179122.77,173000.0
135000,135000.0,131462.02,131462.015625
153337,153337.0,145415.94,145415.9375
286000,286000.0,278787.7,278787.6875
315000,315000.0,315393.38,315000.0
184000,184000.0,179821.38,179821.375
192000,192000.0,192428.47,192000.0
130000,133750.0,136056.1,133750.0
127000,127000.0,125933.64,125933.640625
148500,148500.0,154290.27,148500.0
311872,311872.0,310820.84,310820.84375
235000,235000.0,236100.48,235000.0
104000,125727.81426587782,124952.93,124952.9296875
274900,274900.0,283261.75,274900.0
140000,140000.0,140363.78,140000.0
171500,159038.83037796448,165394.58,159038.83037796448
112000,112000.0,111025.04,111025.0390625
149000,153268.19803312235,146549.81,146549.8125
110000,110000.0,114258.336,110000.0
180500,180500.0,178208.05,178208.046875
143900,155317.97023673556,129957.97,129957.96875
141000,141000.0,135795.61,135795.609375
277000,277000.0,268671.16,268671.15625
145000,145000.0,149448.9,145000.0
98000,102986.23327444715,92708.805,92708.8046875
186000,186000.0,180397.6,180397.59375
252678,252678.0,245517.55,245517.546875
156000,156000.0,154160.06,154160.0625
161750,161750.0,152256.78,152256.78125
134450,134450.0,144638.52,134450.0
210000,210000.0,204208.81,204208.8125
107000,107000.0,95248.94,95248.9375
311500,311500.0,283698.94,283698.9375
167240,167240.0,177538.0,167240.0
204900,204900.0,216033.47,204900.0
200000,200000.0,197080.73,197080.734375
179900,174087.34417540097,166912.86,166912.859375
97000,97000.0,107028.14,97000.0
386250,386250.0,384592.5,384592.5
112000,94546.28779190959,94824.77,94546.28779190959
290000,290000.0,283613.56,283613.5625
106000,106000.0,98921.7,98921.703125
125000,125000.0,127041.21,125000.0
192500,192500.0,200961.39,192500.0
148000,151236.3761368279,138305.83,138305.828125
403000,403000.0,397718.3,397718.3125
94500,94500.0,96450.984,94500.0
128200,128200.0,124092.49,124092.4921875
216500,213137.60921696853,202274.64,202274.640625
89500,89500.0,89121.016,89121.015625
185500,185500.0,188128.38,185500.0
194500,213237.03320896332,191834.81,191834.8125
318000,318000.0,282975.16,282975.15625
113000,113000.0,124001.14,113000.0
262500,262500.0,268355.94,262500.0
110500,110500.0,107979.695,107979.6953125
79000,79000.0,85048.52,79000.0
120000,120000.0,129743.95,120000.0
205000,205000.0,223887.48,205000.0
241500,241500.0,233422.06,233422.0625
137000,137000.0,139195.33,137000.0
140000,155233.069706249,143186.06,143186.0625
180000,193679.57996023016,188877.2,188877.203125
277000,277000.0,277245.5,277000.0
76500,76500.0,76250.08,76250.078125
235000,235000.0,246491.03,235000.0
173000,197529.64741487394,184251.86,184251.859375
158000,158000.0,151008.53,151008.53125
145000,145000.0,143597.52,143597.515625
230000,212342.15967650554,233293.88,212342.15967650554
207500,207500.0,203848.19,203848.1875
220000,220000.0,226873.95,220000.0
231500,231500.0,221887.61,221887.609375
97000,97000.0,103419.62,97000.0
176000,162475.11899915576,160652.69,160652.6875
276000,276000.0,283698.4,276000.0
151000,139459.34974042553,153751.69,139459.34974042553
130000,130000.0,127573.69,127573.6875
73000,96192.58964932521,100308.13,96192.58964932521
175500,175500.0,180659.3,175500.0
185000,184161.56006563283,182133.55,182133.546875
179500,161822.1483111357,170453.23,161822.1483111357
120500,120500.0,118846.414,118846.4140625
148000,153510.56716913034,155245.92,153510.56716913034
266000,266000.0,266701.25,266000.0
241500,241500.0,225931.48,225931.484375
290000,285296.15298801666,272668.72,272668.71875
139000,139000.0,147842.86,139000.0
124500,126309.51330712644,128182.14,126309.51330712644
205000,205000.0,200552.44,200552.4375
201000,201000.0,206576.55,201000.0
141000,105121.82543172514,98314.69,98314.6875
415298,415298.0,409685.72,409685.71875
192000,190742.64074334328,231773.05,190742.64074334328
228500,228500.0,227956.22,227956.21875
185000,216873.8779022652,190373.12,190373.125
207500,229636.05050084004,221274.75,221274.75
244600,227595.98807519846,227696.84,227595.98807519846
179200,188046.64887393484,183444.61,183444.609375
164700,164700.0,169823.62,164700.0
159000,159000.0,176853.44,159000.0
88000,88000.0,95641.94,88000.0
122000,122000.0,119245.23,119245.2265625
153575,153575.0,153331.0,153331.0
233230,233230.0,241927.39,233230.0
135900,135900.0,136804.8,135900.0
131000,131000.0,134763.6,131000.0
235000,235000.0,246584.17,235000.0
167000,167000.0,169306.69,167000.0
142500,148396.7675735725,150209.69,148396.7675735725
152000,134948.21789513776,144392.48,134948.21789513776
239000,239000.0,239134.27,239000.0
175000,175000.0,177121.55,175000.0
158500,158500.0,155331.36,155331.359375
157000,138262.89572336574,159783.23,138262.89572336574
267000,267000.0,287708.94,267000.0
205000,205000.0,220035.28,205000.0
149900,149900.0,140152.22,140152.21875
295000,295000.0,294952.22,294952.21875
305900,305900.0,315688.62,305900.0
225000,225000.0,227335.58,225000.0
89500,89500.0,96348.61,89500.0
82500,82500.0,88658.39,82500.0
360000,325051.74760772905,368355.5,325051.74760772905
165600,165600.0,182053.64,165600.0
132000,128776.49830885135,126768.06,126768.0625
119900,119900.0,118994.43,118994.4296875
375000,375000.0,362718.8,362718.8125
178000,178000.0,180238.4,178000.0
188500,179194.6179285258,180079.94,179194.6179285258
260000,260000.0,255533.25,255533.25
270000,270000.0,269962.53,269962.53125
260000,260000.0,270609.6,260000.0
187500,165916.20440026026,188398.8,165916.20440026026
342643,342643.0,347042.78,342643.0
354000,354000.0,345781.22,345781.21875
301000,301000.0,277205.06,277205.0625
126175,126175.0,132620.0,126175.0
242000,242000.0,239115.45,239115.453125
87000,95523.10863655891,97793.52,95523.10863655891
324000,245095.26289292937,311841.47,245095.26289292937
145250,157239.13990898177,145822.69,145822.6875
214500,201040.4710277787,187215.53,187215.53125
78000,78000.0,83687.13,78000.0
119000,119000.0,131002.875,119000.0
139000,139000.0,136147.9,136147.90625
284000,284000.0,284542.28,284000.0
207000,190370.53749297827,193375.28,190370.53749297827
192000,192000.0,189242.0,189242.0
228950,228950.0,230892.17,228950.0
377426,377426.0,369601.6,369601.59375
214000,219976.83433484405,220630.94,219976.83433484405
202500,202500.0,197625.66,197625.65625
155000,143015.01801364185,153985.44,143015.01801364185
202900,202900.0,205855.2,202900.0
82000,82000.0,83134.77,82000.0
87500,87500.0,84652.016,84652.015625
266000,266000.0,274324.2,266000.0
85000,85000.0,85175.28,85000.0
140200,140200.0,139608.94,139608.9375
151500,151500.0,143451.94,143451.9375
157500,159835.48346061754,176289.5,159835.48346061754
154000,154000.0,169213.97,154000.0
437154,437154.0,448302.53,437154.0
318061,318061.0,311683.06,311683.0625
190000,190000.0,192659.3,190000.0
95000,109806.09276413367,95658.195,95658.1953125
105900,113361.90153479463,117340.82,113361.90153479463
140000,140000.0,146481.94,140000.0
177500,177500.0,171620.38,171620.375
173000,173000.0,166383.56,166383.5625
134000,134000.0,138142.69,134000.0
130000,130000.0,122890.24,122890.2421875
280000,280000.0,271949.72,271949.71875
156000,156000.0,152366.5,152366.5
145000,145000.0,145316.6,145000.0
198500,198500.0,200832.03,198500.0
118000,118000.0,109132.4,109132.3984375
190000,190000.0,179147.77,179147.765625
147000,115914.34377284624,126259.46,115914.34377284624
159000,159000.0,162118.27,159000.0
165000,165000.0,151332.14,151332.140625
132000,132000.0,142909.1,132000.0
162000,162000.0,160782.61,160782.609375
172400,172400.0,174145.14,172400.0
134432,134432.0,137435.11,134432.0
125000,125000.0,121770.96,121770.9609375
123000,123000.0,124074.5,123000.0
219500,219500.0,210193.61,210193.609375
61000,61000.0,60740.46,60740.4609375
148000,148000.0,142525.95,142525.953125
340000,340000.0,323490.97,323490.96875
394432,394432.0,391277.3,391277.3125
179000,179000.0,180046.78,179000.0
127000,149254.7878083771,146516.66,146516.65625
187750,187750.0,191536.61,187750.0
213500,213500.0,204028.62,204028.625
76000,76000.0,78987.33,76000.0
240000,255389.6383546928,242655.38,242655.375
192000,191778.70150155906,194498.5,191778.70150155906
81000,81000.0,81272.05,81000.0
125000,125000.0,131859.66,125000.0
191000,191000.0,193757.42,191000.0
426000,426000.0,415778.78,415778.78125
119000,121458.35326170351,115564.195,115564.1953125
215000,215000.0,211442.34,211442.34375
106500,106500.0,102241.32,102241.3203125
100000,100000.0,89391.73,89391.7265625
109000,109000.0,102903.78,102903.78125
129000,129000.0,143094.94,129000.0
123000,123000.0,124677.44,123000.0
169500,169500.0,160973.67,160973.671875
67000,67000.0,69780.805,67000.0
241000,241000.0,218250.0,218250.0
245500,245500.0,248689.6,245500.0
164990,164990.0,186511.83,164990.0
108000,104869.95632846496,107479.88,104869.95632846496
258000,258000.0,251080.98,251080.984375
168000,168000.0,166983.39,166983.390625
150000,150000.0,156676.52,150000.0
115000,115000.0,123968.875,115000.0
177000,177000.0,167027.73,167027.734375
280000,280000.0,280250.16,280000.0
339750,279966.2337736749,290700.62,279966.2337736749
60000,60000.0,75699.65,60000.0
145000,145000.0,143871.22,143871.21875
222000,222000.0,221769.27,221769.265625
115000,115000.0,107975.31,107975.3125
228000,228000.0,238990.12,228000.0
181134,186513.362808016,194973.92,186513.362808016
149500,149500.0,155917.11,149500.0
239000,239000.0,240285.83,239000.0
126000,126000.0,118415.49,118415.4921875
142000,142000.0,139771.62,139771.625
206300,206300.0,197901.67,197901.671875
215000,215000.0,213532.69,213532.6875
113000,133707.14513549456,115933.7,115933.703125
315000,315000.0,323714.47,315000.0
139000,139000.0,138494.12,138494.125
135000,135000.0,136001.73,135000.0
275000,265765.72522719885,236001.28,236001.28125
109008,109008.0,112621.59,109008.0
195400,195400.0,193463.73,193463.734375
175000,175000.0,186740.47,175000.0
85400,85400.0,92104.64,85400.0
79900,79900.0,92078.69,79900.0
122500,122500.0,122722.336,122500.0
181000,181000.0,173510.22,173510.21875
81000,81000.0,84727.06,81000.0
212000,212000.0,207152.25,207152.25
116000,116000.0,110051.375,110051.375
119000,119000.0,110543.4,110543.3984375
90350,90350.0,93895.07,90350.0
110000,110000.0,126644.48,110000.0
555000,555000.0,548682.4,548682.375
118000,118000.0,120305.56,118000.0
162900,149309.29512178627,152950.28,149309.29512178627
172500,172500.0,182607.89,172500.0
210000,210000.0,216207.55,210000.0
127500,127500.0,153355.4,127500.0
190000,190000.0,195865.05,190000.0
199900,199900.0,204112.25,199900.0
119500,125173.78851177033,117305.66,117305.65625
120000,120000.0,118901.48,118901.4765625
110000,110000.0,107468.86,107468.859375
280000,280000.0,270448.75,270448.75
204000,204000.0,201475.64,201475.640625
210000,210000.0,217590.64,210000.0
188000,188000.0,172941.84,172941.84375
175500,175500.0,169549.28,169549.28125
98000,98000.0,95888.53,95888.53125
256000,215727.36070587483,200993.88,200993.875
161000,161000.0,157429.22,157429.21875
110000,110000.0,110647.914,110000.0
263435,226405.1176391417,254333.19,226405.1176391417
155000,155000.0,153793.55,153793.546875
62383,62383.0,104867.93,62383.0
188700,187296.71230498527,175502.06,175502.0625
124000,124000.0,125164.86,124000.0
178740,208407.83507987973,187705.95,187705.953125
167000,167000.0,165709.33,165709.328125
146500,146500.0,146937.28,146500.0
250000,250000.0,246697.33,246697.328125
187000,201951.4005767768,179814.64,179814.640625
212000,212000.0,207484.4,207484.40625
190000,190000.0,193750.19,190000.0
148000,148000.0,140955.22,140955.21875
440000,440000.0,423394.16,423394.15625
251000,255917.59010480178,279891.88,255917.59010480178
132500,136247.19016473298,138194.97,136247.19016473298
208900,208900.0,208363.67,208363.671875
380000,380000.0,394883.06,380000.0
297000,288677.5513044981,327569.03,288677.5513044981
89471,128047.8682434419,105566.4,105566.3984375
326000,326000.0,339218.0,326000.0
374000,374000.0,358556.97,358556.96875
155000,178380.5762478686,188537.56,178380.5762478686
164000,153135.37989708708,165959.84,153135.37989708708
132500,132500.0,134889.75,132500.0
147000,147000.0,147614.86,147000.0
156000,156000.0,149182.53,149182.53125
175000,175000.0,174342.17,174342.171875
160000,115738.01279878545,127126.07,115738.01279878545
86000,86000.0,94400.53,86000.0
115000,115000.0,107979.305,107979.3046875
133000,133000.0,142541.31,133000.0
172785,175244.37992299002,174253.92,174253.921875
155000,144213.54453154534,148222.84,144213.54453154534
91300,91300.0,93026.97,91300.0
34900,34900.0,40278.37,34900.0
430000,430000.0,426292.97,426292.96875
184000,184000.0,184283.4,184000.0
130000,130000.0,132119.06,130000.0
120000,120000.0,123937.56,120000.0
113000,113000.0,113104.66,113000.0
226700,226700.0,224071.81,224071.8125
140000,140000.0,150698.36,140000.0
289000,289000.0,292193.0,289000.0
147000,151309.14692830434,129548.81,129548.8125
124500,124500.0,119523.055,119523.0546875
215000,215000.0,210267.69,210267.6875
208300,221973.56631809997,192585.67,192585.671875
161000,161000.0,157401.0,157401.0
124500,138974.8498253912,137178.36,137178.359375
164900,164900.0,163432.62,163432.625
202665,202665.0,195554.92,195554.921875
129900,129900.0,123219.07,123219.0703125
134000,139661.7253928935,146096.92,139661.7253928935
96500,92247.02346069632,92041.03,92041.03125
402861,402861.0,410059.53,402861.0
158000,158000.0,163516.42,158000.0
265000,265000.0,269036.06,265000.0
211000,211000.0,204135.02,204135.015625
234000,234000.0,245672.92,234000.0
106250,114583.8718525699,102000.8,102000.796875
150000,150000.0,149129.9,149129.90625
159000,175763.94667476215,169004.81,169004.8125
184750,184750.0,186590.89,184750.0
315750,315750.0,300265.8,300265.8125
176000,176000.0,184946.08,176000.0
132000,129928.6149164743,135864.69,129928.6149164743
446261,446261.0,444575.03,444575.03125
86000,97879.69522143883,99127.71,97879.69522143883
200624,200624.0,199900.1,199900.09375
175000,175000.0,176728.36,175000.0
128000,128000.0,129004.89,128000.0
107500,107500.0,111620.02,107500.0
39300,39300.0,48232.848,39300.0
178000,178000.0,177273.78,177273.78125
107500,117842.54246076208,135272.78,117842.54246076208
188000,188000.0,195878.72,188000.0
111250,111250.0,112606.414,111250.0
158000,132173.8603618495,144003.33,132173.8603618495
272000,233958.88403264884,260254.17,233958.88403264884
315000,359623.4585023252,371543.22,359623.4585023252
248000,248000.0,245130.17,245130.171875
213250,222267.15138858883,213945.5,213945.5
133000,133000.0,140846.84,133000.0
179665,179665.0,191590.31,179665.0
229000,278186.2073188871,256982.44,256982.4375
210000,210000.0,195323.73,195323.734375
129500,129500.0,128932.93,128932.9296875
125000,125000.0,127132.92,125000.0
263000,263000.0,246840.7,246840.703125
140000,140000.0,141266.31,140000.0
112500,128191.66084606887,121197.34,121197.34375
255500,255500.0,249704.44,249704.4375
108000,108000.0,105115.43,105115.4296875
284000,284000.0,259530.73,259530.734375
113000,113000.0,111900.19,111900.1875
141000,141000.0,140908.02,140908.015625
108000,108000.0,107636.79,107636.7890625
175000,175000.0,179965.11,175000.0
234000,234000.0,203241.45,203241.453125
121500,121500.0,141657.94,121500.0
170000,170000.0,158423.05,158423.046875
108000,125288.07754912777,121008.66,121008.65625
185000,185000.0,186728.83,185000.0
268000,268000.0,256987.56,256987.5625
128000,128000.0,118610.43,118610.4296875
325000,325000.0,330504.47,325000.0
214000,201649.94054707995,211785.34,201649.94054707995
316600,316600.0,314543.78,314543.78125
135960,135960.0,138441.53,135960.0
142600,142600.0,146475.69,142600.0
120000,120000.0,118299.83,118299.828125
224500,220352.94692378322,208233.06,208233.0625
170000,170000.0,169291.86,169291.859375
139000,139000.0,130497.44,130497.4375
118500,118500.0,110830.39,110830.390625
145000,145000.0,149213.83,145000.0
164500,145007.1321893483,137282.42,137282.421875
146000,146000.0,150298.98,146000.0
131500,131500.0,125427.336,125427.3359375
181900,181900.0,177994.34,177994.34375
253293,253293.0,273451.28,253293.0
118500,118500.0,122284.36,118500.0
325000,325000.0,329328.06,325000.0
133000,133000.0,135698.53,133000.0
369900,369900.0,373472.78,369900.0
130000,130000.0,127347.92,127347.921875
137000,124048.86155044066,137249.19,124048.86155044066
143000,143000.0,158181.03,143000.0
79500,79500.0,91080.35,79500.0
185900,185900.0,188448.08,185900.0
451950,451950.0,451191.88,451191.875
138000,138000.0,139794.9,138000.0
140000,142000.0,140955.06,140955.0625
110000,110000.0,116725.04,110000.0
319000,319000.0,322332.53,319000.0
114504,114504.0,112942.02,112942.0234375
194201,194201.0,184607.02,184607.015625
217500,217500.0,206071.66,206071.65625
151000,150567.5901304684,165573.56,150567.5901304684
275000,275000.0,257787.5,257787.5
141000,141000.0,133733.9,133733.90625
220000,220000.0,215452.44,215452.4375
151000,151000.0,156288.08,151000.0
221000,221000.0,226679.36,221000.0
205000,205000.0,209590.84,205000.0
152000,152000.0,152361.56,152000.0
225000,225000.0,208842.81,208842.8125
359100,359100.0,352401.88,352401.875
118500,118500.0,124685.516,118500.0
313000,313000.0,301532.0,301532.0
148000,148000.0,155126.45,148000.0
261500,261500.0,257027.22,257027.21875
147000,147000.0,144303.14,144303.140625
75500,75500.0,72585.68,72585.6796875
137500,137500.0,137199.31,137199.3125
183200,183200.0,183474.31,183200.0
105500,105500.0,109492.23,105500.0
314813,279633.9411093679,322202.66,279633.9411093679
305000,309542.77354054555,324651.06,309542.77354054555
67000,67000.0,60751.582,60751.58203125
240000,240000.0,246263.67,240000.0
135000,135000.0,135838.31,135000.0
168500,168500.0,177042.62,168500.0
165150,165150.0,165769.66,165150.0
160000,160000.0,149622.45,149622.453125
139900,139900.0,131669.67,131669.671875
153000,153000.0,156330.53,153000.0
135000,135000.0,156322.67,135000.0
168500,168500.0,148026.2,148026.203125
124000,124000.0,118476.95,118476.953125
209500,209500.0,220036.9,209500.0
82500,82500.0,147352.31,82500.0
139400,139400.0,138525.48,138525.484375
144000,144000.0,141905.9,141905.90625
200000,200000.0,201216.2,200000.0
60000,60000.0,57837.2,57837.19921875
93000,93000.0,103215.445,93000.0
85000,85000.0,91051.734,85000.0
264561,264561.0,270220.12,264561.0
274000,274000.0,271831.84,271831.84375
226000,226000.0,233797.62,226000.0
345000,315556.7179618565,361614.6,315556.7179618565
152000,152000.0,151553.16,151553.15625
370878,370878.0,362627.72,362627.71875
143250,135377.58919570578,132709.4,132709.40625
98300,98300.0,95455.03,95455.03125
155000,155000.0,152987.38,152987.375
155000,155000.0,157439.02,155000.0
84500,79907.67706335474,74679.05,74679.046875
205950,205950.0,207517.94,205950.0
108000,108000.0,116763.64,108000.0
191000,191000.0,188708.06,188708.0625
135000,135000.0,134686.73,134686.734375
350000,350000.0,353146.4,350000.0
88000,88000.0,90673.305,88000.0
145500,145500.0,146568.9,145500.0
149000,149000.0,163515.73,149000.0
97500,97500.0,113166.1,97500.0
167000,167000.0,166790.98,166790.984375
197900,188158.04260359908,205545.47,188158.04260359908
402000,320175.34243731975,374184.44,320175.34243731975
110000,110000.0,114520.23,110000.0
137500,137500.0,141589.6,137500.0
423000,423000.0,420589.44,420589.4375
230500,230500.0,234014.9,230500.0
129000,129000.0,143810.62,129000.0
193500,193500.0,202723.19,193500.0
168000,168000.0,163993.81,163993.8125
137500,137500.0,114428.36,114428.359375
173500,173500.0,175556.42,173500.0
103600,103600.0,109580.06,103600.0
165000,165000.0,163367.27,163367.265625
257500,257500.0,254983.3,254983.296875
140000,140000.0,145224.0,140000.0
148500,148172.68950473028,160075.48,148172.68950473028
87000,87000.0,87637.27,87000.0
109500,109304.34976950639,110529.2,109304.34976950639
372500,372500.0,349003.66,349003.65625
128500,118976.16128740425,131255.58,118976.16128740425
143000,143000.0,127104.586,127104.5859375
159434,159434.0,136815.19,136815.1875
173000,186915.21267385074,178037.4,178037.40625
285000,285000.0,279056.6,279056.59375
221000,221000.0,221521.8,221000.0
207500,220337.26464758848,210655.31,210655.3125
227875,227875.0,226607.14,226607.140625
148800,148800.0,158091.33,148800.0
392000,238523.42606970345,237136.83,237136.828125
194700,194700.0,176863.1,176863.09375
141000,145150.0,146453.72,145150.0
755000,755000.0,743185.9,743185.875
335000,335000.0,328103.1,328103.09375
108480,108480.0,102979.17,102979.171875
141500,141500.0,141565.58,141500.0
176000,176000.0,173590.31,173590.3125
89000,89000.0,92905.56,89000.0
123500,123500.0,124911.86,123500.0
138500,138500.0,137368.14,137368.140625
196000,196000.0,196191.48,196000.0
312500,312500.0,323678.12,312500.0
140000,140000.0,151222.86,140000.0
361919,361919.0,335608.0,335608.0
140000,140000.0,141226.06,140000.0
213000,213000.0,209461.23,209461.234375
55000,71739.01800975837,75361.02,71739.01800975837
302000,302000.0,307533.56,302000.0
254000,254000.0,237795.98,237795.984375
179540,179540.0,177599.72,177599.71875
109900,109900.0,112187.59,109900.0
52000,52000.0,58202.137,52000.0
102776,102073.65083047915,76621.77,76621.7734375
189000,189000.0,190805.05,189000.0
129000,129000.0,125888.83,125888.828125
130500,130500.0,149495.39,130500.0
165000,165000.0,147251.83,147251.828125
159500,159500.0,161027.1,159500.0
157000,157000.0,156694.05,156694.046875
341000,341000.0,329956.6,329956.59375
128500,125579.43980014273,132126.39,125579.43980014273
275000,275000.0,268396.4,268396.40625
143000,143000.0,142504.47,142504.46875
124500,124500.0,118504.234,118504.234375
135000,135000.0,137495.19,135000.0
320000,320000.0,320489.28,320000.0
120500,120713.21168647223,112937.664,112937.6640625
222000,213868.46745796397,223572.36,213868.46745796397
194500,200597.12711958765,192476.0,192476.0
110000,110000.0,119173.7,110000.0
103000,97426.91619105378,93748.49,93748.4921875
236500,236500.0,246357.55,236500.0
187500,187500.0,181808.25,181808.25
222500,222500.0,245217.48,222500.0
131400,135883.7226113182,135841.48,135841.484375
108000,108000.0,112772.875,108000.0
163000,163000.0,162176.05,162176.046875
93500,92900.0,85294.86,85294.859375
239900,239900.0,239773.97,239773.96875
179000,179000.0,164875.42,164875.421875
190000,190000.0,197190.52,190000.0
132000,132000.0,126835.75,126835.75
142000,142000.0,139902.52,139902.515625
179000,179000.0,185482.1,179000.0
175000,175000.0,165981.77,165981.765625
180000,180000.0,196369.16,180000.0
299800,306653.0702706185,350742.97,306653.0702706185
236000,217408.7278847448,225058.92,217408.7278847448
265979,265979.0,266683.1,265979.0
260400,260400.0,247238.98,247238.984375
98000,98000.0,98598.87,98000.0
96500,96500.0,91632.04,91632.0390625
162000,162000.0,164539.78,162000.0
217000,217000.0,204566.27,204566.265625
275500,275500.0,277066.25,275500.0
156000,156979.116998462,147918.02,147918.015625
172500,172500.0,169241.47,169241.46875
212000,212000.0,214093.33,212000.0
158900,163590.729123414,140186.77,140186.765625
179400,179400.0,175689.77,175689.765625
290000,290000.0,295903.22,290000.0
127500,127500.0,125083.96,125083.9609375
100000,100000.0,111929.336,100000.0
215200,215200.0,208307.56,208307.5625
337000,337000.0,332681.6,332681.59375
270000,258556.6963032475,261211.02,258556.6963032475
264132,264132.0,280056.28,264132.0
196500,196500.0,184810.42,184810.421875
160000,160000.0,170041.55,160000.0
216837,216837.0,230520.92,216837.0
538000,538000.0,536826.6,536826.625
134900,134900.0,131955.03,131955.03125
102000,102000.0,112318.22,102000.0
107000,107000.0,128212.11,107000.0
114500,114500.0,119090.71,114500.0
395000,395000.0,376391.66,376391.65625
162000,162000.0,166792.69,162000.0
221500,232358.85369591453,223981.16,223981.15625
142500,116963.4689129723,141663.42,116963.4689129723
144000,109446.65124542835,140532.56,109446.65124542835
135000,135000.0,137885.75,135000.0
176000,176000.0,175193.98,175193.984375
175900,175900.0,174961.23,174961.234375
187100,187100.0,189291.8,187100.0
165500,165500.0,156025.17,156025.171875
128000,128000.0,132518.9,128000.0
161500,161500.0,160800.02,160800.015625
139000,139000.0,137611.36,137611.359375
233000,233000.0,234044.34,233000.0
107900,107900.0,108335.94,107900.0
187500,189157.28151144934,210771.78,189157.28151144934
160200,160200.0,165136.72,160200.0
146800,146800.0,147498.55,146800.0
269790,269790.0,248427.28,248427.28125
225000,225000.0,221963.53,221963.53125
194500,194500.0,199759.4,194500.0
171000,152645.79790596024,169281.48,152645.79790596024
143500,143500.0,136500.1,136500.09375
110000,110000.0,106929.195,106929.1953125
485000,485000.0,490580.72,485000.0
175000,175000.0,167671.31,167671.3125
200000,200000.0,204243.86,200000.0
109900,109900.0,114251.88,109900.0
189000,189000.0,181920.36,181920.359375
582933,582933.0,574340.4,574340.375
118000,133789.24429689048,121370.836,121370.8359375
227680,227680.0,226013.61,226013.609375
135500,135500.0,129663.59,129663.59375
223500,223500.0,215486.81,215486.8125
159950,159950.0,150689.67,150689.671875
106000,106000.0,102345.164,102345.1640625
181000,181000.0,160232.61,160232.609375
144500,144500.0,146549.81,144500.0
55993,55993.0,65179.008,55993.0
157900,154539.6401461025,152410.11,152410.109375
116000,116000.0,119690.53,116000.0
224900,190585.66376564934,228196.36,190585.66376564934
137000,137000.0,137892.72,137000.0
271000,271000.0,281458.5,271000.0
155000,155000.0,152827.52,152827.515625
224000,201686.7734216903,211445.05,201686.7734216903
183000,196145.3646495043,188287.27,188287.265625
93000,93000.0,94946.31,93000.0
225000,192019.95513539037,193518.9,192019.95513539037
139500,139500.0,144891.38,139500.0
232600,232600.0,241588.33,232600.0
385000,385000.0,392954.1,385000.0
109500,109500.0,108276.234,108276.234375
189000,189000.0,188777.0,188777.0
185000,185000.0,182159.64,182159.640625
147400,162027.0796705549,161303.55,161303.546875
166000,166000.0,163432.95,163432.953125
151000,158472.75975142987,156288.08,156288.078125
237000,237000.0,229342.2,229342.203125
167000,167000.0,162637.69,162637.6875
139950,139950.0,140998.7,139950.0
128000,128000.0,135985.4,128000.0
153500,153500.0,150135.8,150135.796875
100000,100000.0,98033.2,98033.203125
144000,144000.0,143439.75,143439.75
130500,130500.0,128503.52,128503.5234375
140000,140000.0,146095.52,140000.0
157500,157500.0,159016.12,157500.0
174900,174900.0,151124.66,151124.65625
141000,141000.0,130769.02,130769.0234375
153900,153900.0,146948.95,146948.953125
171000,171000.0,172005.16,171000.0
213000,213000.0,199707.05,199707.046875
133500,133500.0,136158.39,133500.0
240000,240000.0,240011.44,240000.0
187000,187000.0,187255.0,187000.0
131500,141749.8171192676,140955.06,140955.0625
215000,215000.0,203870.36,203870.359375
164000,164000.0,167167.86,164000.0
158000,158000.0,164207.56,158000.0
170000,170000.0,168407.77,168407.765625
127000,127000.0,134377.9,127000.0
147000,147000.0,144208.77,144208.765625
174000,174000.0,157202.22,157202.21875
152000,152000.0,154482.73,152000.0
250000,250000.0,248940.8,248940.796875
189950,189950.0,171738.97,171738.96875
131500,131500.0,131964.05,131500.0
152000,152000.0,149120.62,149120.625
132500,132500.0,138288.42,132500.0
250580,250580.0,226745.45,226745.453125
148500,148500.0,145089.56,145089.5625
248900,248900.0,247539.9,247539.90625
129000,142684.36710548846,134390.92,134390.921875
169000,169000.0,157936.69,157936.6875
236000,236000.0,233670.53,233670.53125
109500,109500.0,110185.68,109500.0
200500,200500.0,196871.31,196871.3125
116000,116000.0,114905.625,114905.625
133000,133000.0,137922.48,133000.0
66500,66500.0,77263.9,66500.0
303477,303477.0,303582.28,303477.0
132250,132250.0,134713.16,132250.0
350000,350000.0,353222.97,350000.0
148000,148000.0,150081.75,148000.0
136500,136500.0,134961.14,134961.140625
157000,137020.78468410354,156682.88,137020.78468410354
187500,187500.0,192719.0,187500.0
178000,178000.0,172330.8,172330.796875
118500,125111.22714572326,116701.38,116701.3828125
100000,100000.0,117244.32,100000.0
328900,328900.0,323991.4,323991.40625
145000,145000.0,152835.06,145000.0
135500,135500.0,133288.06,133288.0625
268000,268000.0,268066.9,268000.0
149500,149500.0,158581.4,149500.0
122900,122900.0,121500.97,121500.96875
172500,171709.21784086342,164456.25,164456.25
154500,154500.0,147570.34,147570.34375
165000,165000.0,155081.05,155081.046875
118858,118858.0,121277.15,118858.0
140000,168646.4891431217,170018.2,168646.4891431217
106500,106500.0,99170.35,99170.3515625
142953,142953.0,136402.58,136402.578125
611657,464196.3498067204,483888.94,464196.3498067204
135000,135000.0,141492.27,135000.0
110000,110000.0,111615.03,110000.0
153000,143095.22731674343,149917.86,143095.22731674343
180000,180000.0,179500.2,179500.203125
240000,228092.32613339985,247761.16,228092.32613339985
125500,125500.0,120699.164,120699.1640625
128000,128000.0,126663.26,126663.2578125
255000,243326.6253714898,259971.38,243326.6253714898
250000,250000.0,247959.86,247959.859375
131000,121825.12875216232,132570.81,121825.12875216232
174000,174000.0,178111.97,174000.0
154300,154300.0,149962.86,149962.859375
143500,143500.0,153405.88,143500.0
88000,88000.0,96456.55,88000.0
145000,145000.0,152048.52,145000.0
173733,173733.0,166694.25,166694.25
75000,75000.0,81686.875,75000.0
35311,35311.0,37755.53,35311.0
135000,135000.0,143465.48,135000.0
238000,238000.0,240902.31,238000.0
176500,176500.0,178885.75,176500.0
201000,205945.87963821634,198509.67,198509.671875
145900,145900.0,152026.4,145900.0
169990,188480.40783070354,176108.5,176108.5
193000,185556.39874843252,187413.39,185556.39874843252
207500,207500.0,187847.16,187847.15625
175000,148428.30793953358,149162.61,148428.30793953358
285000,285000.0,286221.1,285000.0
176000,181381.0699396502,199091.48,181381.0699396502
236500,241722.0422286621,234160.05,234160.046875
222000,222000.0,228176.84,222000.0
201000,201000.0,215421.94,201000.0
117500,117500.0,129512.37,117500.0
320000,382176.10940547154,314945.66,314945.65625
190000,190000.0,210999.31,190000.0
242000,242000.0,245772.73,242000.0
79900,79900.0,75373.65,75373.6484375
184900,198623.80173742917,191520.0,191520.0
253000,253000.0,255511.28,253000.0
239799,239799.0,252858.28,239799.0
244400,244400.0,251398.55,244400.0
150900,150900.0,162035.31,150900.0
214000,214000.0,222707.38,214000.0
150000,150000.0,145949.55,145949.546875
143000,143000.0,138526.81,138526.8125
137500,137500.0,138916.56,137500.0
124900,124900.0,133562.45,124900.0
143000,143000.0,149201.94,143000.0
270000,301851.6947707005,297928.84,297928.84375
192500,192500.0,205888.27,192500.0
197500,182595.57610767076,165090.25,165090.25
129000,129000.0,131274.33,129000.0
119900,119900.0,117435.695,117435.6953125
133900,133900.0,131632.88,131632.875
172000,169366.87363505078,164129.12,164129.125
127500,127500.0,126550.25,126550.25
145000,145000.0,157679.25,145000.0
124000,113838.75731782588,140023.12,113838.75731782588
132000,132000.0,132476.88,132000.0
185000,185000.0,192571.77,185000.0
155000,173988.41297669272,173016.77,173016.765625
116500,116500.0,120673.305,116500.0
272000,272000.0,267960.47,267960.46875
155000,159855.46019406183,164126.8,159855.46019406183
239000,239000.0,252938.84,239000.0
214900,214900.0,222234.61,214900.0
178900,178900.0,177977.98,177977.984375
160000,160000.0,151277.62,151277.625
135000,135000.0,138087.89,135000.0
37900,37900.0,51240.926,37900.0
140000,140000.0,123824.34,123824.34375
135000,135000.0,114734.164,114734.1640625
173000,173000.0,170163.97,170163.96875
99500,99500.0,118133.85,99500.0
182000,223831.54201138968,225178.78,223831.54201138968
167500,177148.95916660395,194617.39,177148.95916660395
165000,172993.20126511538,171869.62,171869.625
85500,85500.0,81343.78,81343.78125
199900,199900.0,202140.95,199900.0
110000,109029.14503890675,102010.99,102010.9921875
139000,139000.0,140846.9,139000.0
178400,160075.79098006102,193699.4,160075.79098006102
336000,314868.07379033807,315099.03,314868.07379033807
159895,159895.0,164030.98,159895.0
255900,255900.0,264211.7,255900.0
126000,126000.0,130146.25,126000.0
125000,125000.0,137865.9,125000.0
117000,141529.2244837206,125627.39,125627.390625
395192,395192.0,394025.3,394025.3125
195000,195000.0,183440.2,183440.203125
197000,197000.0,199300.64,197000.0
348000,348000.0,343544.5,343544.5
168000,168000.0,172786.08,168000.0
187000,170051.28666218428,199368.83,170051.28666218428
173900,173900.0,181574.73,173900.0
337500,337500.0,330759.7,330759.6875
121600,121600.0,115702.86,115702.859375
136500,136500.0,136421.94,136421.9375
185000,170403.36363955322,162988.83,162988.828125
91000,91000.0,86561.93,86561.9296875
206000,206000.0,191440.42,191440.421875
82000,82000.0,79718.46,79718.4609375
86000,107133.42724797966,92928.97,92928.96875
232000,236128.6064578278,249134.11,236128.6064578278
136905,136905.0,139951.27,136905.0
181000,210134.1676612345,200134.78,200134.78125
149900,131429.34505534824,138803.94,131429.34505534824
163500,163500.0,164461.72,163500.0
88000,88000.0,85740.75,85740.75
240000,222192.9512105995,233079.75,222192.9512105995
102000,102000.0,111921.375,102000.0
135000,135000.0,125744.42,125744.421875
100000,100000.0,109938.22,100000.0
165000,165000.0,166607.42,165000.0
85000,85000.0,86619.36,85000.0
119200,119200.0,122837.62,119200.0
227000,227000.0,221002.47,221002.46875
203000,203000.0,214211.48,203000.0
187500,187500.0,197065.56,187500.0
160000,160000.0,164271.55,160000.0
213490,213490.0,201581.86,201581.859375
176000,149417.73221922255,152035.44,149417.73221922255
194000,194000.0,193190.2,193190.203125
87000,87000.0,102241.56,87000.0
191000,211043.83995808568,200134.78,200134.78125
287000,287000.0,286036.3,286036.3125
112500,125056.93687009258,116593.555,116593.5546875
167500,167500.0,150529.69,150529.6875
293077,293077.0,297603.06,293077.0
105000,105000.0,112933.32,105000.0
118000,118000.0,120644.45,118000.0
160000,160000.0,145631.25,145631.25
197000,197000.0,197043.19,197000.0
310000,310000.0,309493.56,309493.5625
230000,217821.21742617595,243167.81,217821.21742617595
119750,119750.0,115227.72,115227.71875
84000,84000.0,83340.54,83340.5390625
315500,320520.6184708294,304124.4,304124.40625
287000,287000.0,281240.53,281240.53125
97000,97000.0,99408.03,97000.0
80000,80000.0,80865.69,80000.0
155000,157362.21623249236,159560.33,157362.21623249236
173000,173000.0,174778.77,173000.0
196000,196000.0,186884.52,186884.515625
262280,262280.0,266394.97,262280.0
278000,314063.7226989139,295177.53,295177.53125
139600,107597.74985186387,139326.05,107597.74985186387
556581,556581.0,550431.44,550431.4375
145000,145000.0,146092.64,145000.0
115000,108545.72423029253,141676.11,108545.72423029253
84900,84900.0,89335.51,84900.0
176485,188433.42555819513,193956.58,188433.42555819513
200141,200141.0,197756.33,197756.328125
165000,165000.0,166468.47,165000.0
144500,141256.2059064805,152488.34,141256.2059064805
255000,255000.0,257396.2,255000.0
180000,180000.0,171637.62,171637.625
185850,185850.0,196564.56,185850.0
248000,248000.0,244385.6,244385.59375
335000,335000.0,344273.1,335000.0
220000,220000.0,210738.48,210738.484375
213500,213500.0,213913.94,213500.0
81000,81000.0,80897.305,80897.3046875
90000,90000.0,96300.336,90000.0
110500,110500.0,115775.55,110500.0
154000,154000.0,151957.33,151957.328125
328000,328000.0,297980.7,297980.6875
178000,178000.0,176746.88,176746.875
167900,167900.0,169169.6,167900.0
151400,151400.0,152067.64,151400.0
135000,135000.0,133759.52,133759.515625
135000,135000.0,138428.73,135000.0
154000,154000.0,156320.64,154000.0
91500,91500.0,99777.49,91500.0
159500,159500.0,165479.05,159500.0
194000,185659.11422558743,188857.84,185659.11422558743
219500,219500.0,213319.64,213319.640625
170000,170000.0,167594.97,167594.96875
138800,119649.95486604079,119719.94,119649.95486604079
155900,155900.0,146549.81,146549.8125
126000,126000.0,134331.78,126000.0
145000,145000.0,149389.64,145000.0
133000,133000.0,131765.6,131765.59375
192000,187145.42459970992,189188.03,187145.42459970992
160000,160000.0,155570.34,155570.34375
187500,187500.0,185490.08,185490.078125
147000,154123.7315896491,149925.69,149925.6875
83500,83500.0,88509.93,83500.0
252000,265347.69806671847,273655.84,265347.69806671847
137500,133750.0,136056.1,133750.0
197000,209602.8994078338,223633.47,209602.8994078338
92900,92900.0,92514.7,92514.703125
160000,170870.43099767953,163102.81,163102.8125
136500,136500.0,153861.83,136500.0
146000,146000.0,148722.88,146000.0
129000,129000.0,128454.45,128454.453125
176432,180438.72157497195,173129.89,173129.890625
127000,127000.0,118567.72,118567.71875
170000,170000.0,172322.19,170000.0
128000,128000.0,118038.85,118038.8515625
157000,157000.0,157924.67,157000.0
60000,60000.0,63118.707,60000.0
119500,119500.0,122154.63,119500.0
135000,138287.8034698407,135792.12,135792.125
159500,158647.88303944352,144228.64,144228.640625
106000,106000.0,107572.87,106000.0
325000,325000.0,327495.56,325000.0
179900,179900.0,181219.86,179900.0
274725,274725.0,259360.25,259360.25
181000,181000.0,168393.4,168393.40625
280000,280000.0,286818.88,280000.0
188000,188000.0,179150.86,179150.859375
205000,205000.0,205418.58,205000.0
129900,129900.0,126573.914,126573.9140625
134500,134500.0,137506.02,134500.0
117000,117000.0,121365.36,117000.0
318000,318000.0,323046.6,318000.0
184100,184100.0,188963.86,184100.0
130000,130000.0,137840.23,130000.0
140000,140000.0,135981.62,135981.625
133700,133700.0,130990.12,130990.1171875
118400,118400.0,117085.195,117085.1953125
212900,212900.0,215215.83,212900.0
112000,112000.0,107299.02,107299.0234375
118000,118000.0,113274.7,113274.703125
163900,163900.0,166279.27,163900.0
115000,130196.61321257116,116255.664,116255.6640625
174000,174000.0,186270.72,174000.0
259000,259000.0,244804.12,244804.125
215000,215000.0,222762.55,215000.0
140000,140000.0,134056.92,134056.921875
135000,135000.0,139915.16,135000.0
93500,93500.0,100224.77,93500.0
117500,117500.0,115739.195,115739.1953125
239500,239500.0,240130.61,239500.0
169000,169000.0,173830.67,169000.0
102000,102000.0,101252.266,101252.265625
119000,111479.88517503605,130665.85,111479.88517503605
94000,94000.0,94583.234,94000.0
196000,196000.0,188438.42,188438.421875
144000,144000.0,134671.23,134671.234375
139000,139000.0,132010.02,132010.015625
197500,197500.0,192898.61,192898.609375
424870,424870.0,423570.9,423570.90625
80000,80000.0,92325.46,80000.0
80000,80000.0,84582.56,80000.0
149000,149000.0,139034.08,139034.078125
180000,180000.0,176065.03,176065.03125
174500,174500.0,178176.86,174500.0
116900,116900.0,123220.71,116900.0
143000,143000.0,144540.3,143000.0
124000,124000.0,124176.6,124000.0
149900,149900.0,150743.6,149900.0
230000,230000.0,231433.0,230000.0
120500,120500.0,121929.69,120500.0
201800,201800.0,201767.84,201767.84375
218000,218000.0,211570.8,211570.796875
179900,179900.0,168655.44,168655.4375
230000,230000.0,221274.75,221274.75
235128,235128.0,248752.1,235128.0
185000,185000.0,187041.97,185000.0
146000,146000.0,153831.84,146000.0
224000,224000.0,224816.33,224000.0
129000,129000.0,122772.16,122772.15625
108959,108959.0,117003.78,108959.0
194000,194000.0,189675.81,189675.8125
233170,233170.0,227724.73,227724.734375
245350,245350.0,248426.78,245350.0
173000,173000.0,179149.78,173000.0
235000,235000.0,234055.52,234055.515625
625000,625000.0,628396.0,625000.0
171000,171000.0,149666.19,149666.1875
163000,163000.0,158523.67,158523.671875
171900,171900.0,169338.75,169338.75
200500,200500.0,204055.62,200500.0
239000,220870.85465789953,207137.16,207137.15625
285000,285000.0,296426.22,285000.0
119500,119500.0,123502.52,119500.0
115000,115000.0,113816.04,113816.0390625
154900,119018.13925221752,124083.43,119018.13925221752
93000,93000.0,91269.98,91269.9765625
250000,250000.0,263099.4,250000.0
392500,392500.0,366609.4,366609.40625
745000,745000.0,740247.3,740247.3125
120000,120000.0,133866.02,120000.0
186700,164567.1913993791,182005.89,164567.1913993791
104900,104900.0,116094.14,104900.0
95000,95000.0,101276.38,95000.0
262000,303435.0876228861,278753.6,278753.59375
195000,195000.0,187218.81,187218.8125
189000,189000.0,195332.1,189000.0
168000,168000.0,169445.34,168000.0
174000,174000.0,170688.7,170688.703125
125000,125000.0,126276.57,125000.0
165000,165000.0,168577.48,165000.0
158000,158000.0,141932.88,141932.875
176000,176000.0,169303.34,169303.34375
219210,219210.0,223831.9,219210.0
144000,144000.0,148559.1,144000.0
178000,178000.0,179682.55,178000.0
148000,148000.0,144251.7,144251.703125
116050,116050.0,102216.164,102216.1640625
197900,191867.38598319242,198594.88,191867.38598319242
117000,117000.0,123649.945,117000.0
213000,213000.0,208175.75,208175.75
153500,153500.0,147778.52,147778.515625
271900,271900.0,280145.25,271900.0
107000,107000.0,111729.01,107000.0
200000,209244.65685332305,196728.14,196728.140625
140000,140000.0,142952.53,140000.0
290000,290000.0,287715.16,287715.15625
189000,211626.73080771443,184795.56,184795.5625
164000,164000.0,179351.66,164000.0
113000,113000.0,101547.95,101547.953125
145000,145000.0,132865.92,132865.921875
134500,134500.0,130122.055,130122.0546875
125000,125000.0,115345.83,115345.828125
112000,112000.0,120797.43,112000.0
229456,229456.0,237159.53,229456.0
80500,85323.4190264137,76659.7,76659.703125
91500,91500.0,93659.305,91500.0
115000,115000.0,116034.31,115000.0
134000,134000.0,129079.28,129079.28125
143000,143000.0,141810.83,141810.828125
137900,137900.0,135362.45,135362.453125
184000,179433.58068142852,188896.02,179433.58068142852
145000,145000.0,135293.97,135293.96875
214000,214000.0,220100.48,214000.0
147000,147000.0,144316.4,144316.40625
367294,367294.0,368066.53,367294.0
127000,148534.1911784163,151717.72,148534.1911784163
190000,190000.0,188880.72,188880.71875
132500,139440.84074402862,147684.66,139440.84074402862
101800,101800.0,104883.69,101800.0
142000,142000.0,136230.39,136230.390625
130000,130000.0,128640.38,128640.3828125
138887,138887.0,133764.88,133764.875
175500,175500.0,168517.05,168517.046875
195000,195000.0,223278.81,195000.0
142500,142500.0,140825.88,140825.875
265900,265900.0,257359.27,257359.265625
224900,224900.0,210619.19,210619.1875
248328,248328.0,243347.06,243347.0625
170000,170000.0,170626.47,170000.0
465000,465000.0,444762.16,444762.15625
230000,230000.0,219113.75,219113.75
178000,178000.0,182197.33,178000.0
186500,200350.8680838432,197200.92,197200.921875
169900,144992.04131967245,144192.84,144192.84375
129500,129500.0,142044.4,129500.0
119000,119000.0,120567.91,119000.0
244000,244000.0,252250.38,244000.0
171750,171750.0,181246.84,171750.0
130000,116455.04247550567,124982.99,116455.04247550567
294000,294000.0,287201.28,287201.28125
165400,165400.0,173322.61,165400.0
127500,127500.0,131925.28,127500.0
301500,329625.44374212384,359501.75,329625.44374212384
99900,99900.0,96756.08,96756.078125
190000,193746.8702614911,175559.64,175559.640625
151000,145374.94429461707,149851.28,145374.94429461707
181000,181000.0,180216.17,180216.171875
128900,138534.46039395867,133703.6,133703.59375
161500,161500.0,152434.23,152434.234375
180500,180500.0,180496.64,180496.640625
181000,198246.6784073667,160133.11,160133.109375
183900,183900.0,179781.61,179781.609375
122000,122000.0,127627.61,122000.0
378500,378500.0,372418.66,372418.65625
381000,381000.0,380757.38,380757.375
144000,144000.0,140121.83,140121.828125
260000,219187.19214155021,231713.9,219187.19214155021
185750,185750.0,180800.64,180800.640625
137000,137000.0,134512.77,134512.765625
177000,177000.0,171922.6,171922.59375
139000,139000.0,126866.32,126866.3203125
137000,137000.0,133878.3,133878.296875
162000,165582.3004458207,151408.92,151408.921875
197900,176100.62952484668,186735.97,176100.62952484668
237000,237000.0,244073.62,237000.0
68400,68400.0,69386.83,68400.0
227000,227000.0,220231.4,220231.40625
180000,180000.0,182833.25,180000.0
150500,150500.0,151760.28,150500.0
139000,139000.0,141616.42,139000.0
169000,154236.2567341257,183187.16,154236.2567341257
132500,132500.0,131683.44,131683.4375
143000,143000.0,153784.22,143000.0
190000,175982.01829069547,180801.78,175982.01829069547
278000,278000.0,282280.3,278000.0
281000,281000.0,276788.5,276788.5
180500,156042.69334743076,161014.25,156042.69334743076
119500,119500.0,117432.12,117432.1171875
107500,104105.10638238039,101873.234,101873.234375
162900,162900.0,168453.42,162900.0
115000,115000.0,124666.2,115000.0
138500,138500.0,134123.34,134123.34375
155000,155000.0,149479.05,149479.046875
140000,140000.0,144666.47,140000.0
160000,160000.0,165131.28,160000.0
154000,154000.0,149416.78,149416.78125
225000,225000.0,228807.61,225000.0
177500,177500.0,175467.6,175467.59375
290000,290000.0,304479.44,290000.0
232000,232000.0,220960.97,220960.96875
130000,142143.24132941657,147045.75,142143.24132941657
325000,325000.0,337721.1,325000.0
202500,202500.0,195554.92,195554.921875
138000,138000.0,145251.05,138000.0
147000,147000.0,134055.0,134055.0
179200,179200.0,173133.11,173133.109375
335000,335000.0,327149.53,327149.53125
203000,199025.08347267387,200954.14,199025.08347267387
302000,302000.0,303138.47,302000.0
333168,333168.0,336867.88,333168.0
119000,119000.0,116847.71,116847.7109375
206900,182058.640660925,176830.64,176830.640625
295493,242615.7308995099,247108.1,242615.7308995099
208900,208900.0,201561.92,201561.921875
275000,275000.0,255367.39,255367.390625
111000,111000.0,110393.55,110393.546875
156500,156500.0,158105.4,156500.0
72500,72500.0,74855.5,72500.0
190000,190000.0,209650.95,190000.0
82500,82500.0,78205.914,78205.9140625
147000,147000.0,197708.19,147000.0
55000,80116.72348795184,67379.8,67379.796875
79000,79000.0,76497.336,76497.3359375
130500,130500.0,132772.77,130500.0
256000,256000.0,253989.33,253989.328125
176500,176500.0,179766.12,176500.0
227000,227000.0,234909.55,227000.0
132500,132500.0,131286.98,131286.984375
100000,100000.0,108226.9,100000.0
125500,134261.47196737895,118133.445,118133.4453125
125000,125000.0,125413.36,125000.0
167900,167900.0,162620.8,162620.796875
135000,137518.00139607085,133541.39,133541.390625
52500,52500.0,62124.117,52500.0
200000,217099.71850157692,219391.12,217099.71850157692
128500,128500.0,128361.86,128361.859375
123000,123000.0,105434.57,105434.5703125
155000,162582.3574474614,158808.55,158808.546875
228500,228500.0,239945.11,228500.0
177000,177000.0,167296.64,167296.640625
155835,174911.7134651886,181776.03,174911.7134651886
108500,92943.39803966865,76482.82,76482.8203125
262500,196191.045612492,260626.47,196191.045612492
283463,274305.73142158537,279973.3,274305.73142158537
215000,215000.0,222412.23,215000.0
122000,122000.0,128504.234,122000.0
200000,200000.0,197389.11,197389.109375
171000,166175.93332701517,170816.02,166175.93332701517
134900,134900.0,131939.86,131939.859375
410000,410000.0,402413.78,402413.78125
235000,235000.0,231112.08,231112.078125
170000,170000.0,192067.12,170000.0
110000,110000.0,116072.664,110000.0
149900,149900.0,152800.58,149900.0
177500,175590.22285973607,171400.53,171400.53125
315000,315000.0,352608.5,315000.0
189000,189000.0,184839.66,184839.65625
260000,260000.0,248530.17,248530.171875
104900,92583.68708246863,143359.69,92583.68708246863
156932,156932.0,171853.97,156932.0
144152,144152.0,146825.14,144152.0
216000,216000.0,206307.1,206307.09375
193000,193000.0,201708.75,193000.0
127000,127000.0,141875.0,127000.0
144000,142000.0,142504.47,142000.0
232000,232000.0,227364.16,227364.15625
105000,116749.67158255263,113008.07,113008.0703125
165500,165500.0,167471.62,165500.0
274300,274300.0,267640.9,267640.90625
466500,456694.8162867957,419058.3,419058.3125
250000,250000.0,247336.23,247336.234375
239000,239000.0,235816.06,235816.0625
91000,91000.0,85415.36,85415.359375
117000,146617.21454393945,136319.8,136319.796875
83000,100111.34283901817,98033.2,98033.203125
167500,167500.0,157690.3,157690.296875
58500,58500.0,62625.8,58500.0
237500,232521.5328340075,221060.11,221060.109375
157000,157000.0,148932.7,148932.703125
112000,112000.0,134245.34,112000.0
105000,105000.0,106881.49,105000.0
125500,125500.0,121907.35,121907.3515625
250000,250000.0,251993.88,250000.0
136000,136000.0,138343.61,136000.0
377500,377500.0,371995.6,371995.59375
131000,131000.0,127572.68,127572.6796875
235000,235000.0,228755.88,228755.875
124000,138849.00047477573,123739.57,123739.5703125
123000,123000.0,121615.125,121615.125
163000,163000.0,162313.84,162313.84375
246578,246578.0,226074.4,226074.40625
281213,281213.0,287661.28,281213.0
160000,160000.0,165949.58,160000.0
137500,130102.78733850287,134808.67,130102.78733850287
138000,138000.0,132806.45,132806.453125
137450,137450.0,145862.44,137450.0
120000,120000.0,117755.26,117755.2578125
193000,193000.0,183301.55,183301.546875
193879,193879.0,190235.36,190235.359375
282922,282922.0,280853.22,280853.21875
105000,105000.0,100927.82,100927.8203125
275000,267143.8723026484,267366.4,267143.8723026484
133000,133000.0,134211.2,133000.0
112000,112000.0,116098.83,112000.0
125500,125500.0,122286.3,122286.296875
215000,215000.0,219135.89,215000.0
230000,224769.83818514453,226197.56,224769.83818514453
140000,140000.0,143450.98,140000.0
90000,98355.35031522189,96824.42,96824.421875
257000,257000.0,256636.53,256636.53125
207000,207000.0,209913.27,207000.0
175900,175900.0,191484.27,175900.0
122500,119439.82580764899,108943.46,108943.4609375
340000,340000.0,332157.7,332157.6875
124000,124000.0,129854.69,124000.0
223000,224248.12679016174,208031.38,208031.375
179900,169461.2033374244,163327.64,163327.640625
127500,139355.16796343427,150642.48,139355.16796343427
136500,136500.0,140858.97,136500.0
274970,274970.0,243968.36,243968.359375
144000,144000.0,140867.28,140867.28125
142000,142000.0,143367.06,142000.0
271000,271000.0,266299.2,266299.1875
140000,140000.0,143395.0,140000.0
119000,119000.0,116202.414,116202.4140625
182900,196347.86764568865,188082.08,188082.078125
192140,187274.70180143107,167100.28,167100.28125
143750,143750.0,135764.69,135764.6875
64500,64500.0,83036.53,64500.0
186500,186500.0,182023.31,182023.3125
160000,160000.0,158976.56,158976.5625
174000,174000.0,171296.56,171296.5625
120500,116696.81725716917,118264.85,116696.81725716917
394617,394617.0,393796.12,393796.125
149700,149700.0,149744.19,149700.0
197000,197000.0,187859.56,187859.5625
191000,191000.0,200938.16,191000.0
149300,145150.0,146453.72,145150.0
310000,310000.0,315565.97,310000.0
121000,121000.0,116845.31,116845.3125
179600,179600.0,191811.94,179600.0
129000,110852.93894739173,113743.39,110852.93894739173
157900,157900.0,153177.03,153177.03125
240000,269961.86022181227,269269.06,269269.0625
112000,112000.0,108863.16,108863.15625
92000,93378.04237061956,103857.71,93378.04237061956
136000,136000.0,131742.64,131742.640625
287090,240723.24612506916,248080.94,240723.24612506916
145000,145000.0,138415.17,138415.171875
84500,84500.0,101408.19,84500.0
185000,185000.0,187651.17,185000.0
175000,175000.0,174145.14,174145.140625
210000,210000.0,201899.0,201899.0
266500,266500.0,267830.06,266500.0
142125,142125.0,132556.34,132556.34375
147500,147500.0,147195.53,147195.53125
